{"stats":{"minecraft:used":{"tfc:food/cooked_venison":15,"tfc:food/cooked_chevon":5,"tfc:food/onion":3,"tfc:stone/javelin/metamorphic":464,"tfc:wood/twig/birch":1,"tfc:stone/axe/metamorphic":6,"tfc:metal/pickaxe/copper":21,"tfc:food/cooked_wolf":3,"tfc:ore/small_native_copper":3,"tfc_ie_addon:ore/small_aluminum":1,"tfc:ore/small_malachite":1,"tfc:firestarter":15,"tfc:metal/propick/copper":142,"tfc_ie_addon:ore/small_uranium":4},"minecraft:dropped":{"tfc:rock/loose/marble":7,"tfc:wood/log/birch":6,"butchersdelight:deadsheep":1,"tfc:seeds/onion":1,"tfc:dirt/silty_loam":8,"tfc:food/cooked_wolf":2,"minecraft:stick":18,"dttfc:birch_seed":1,"tfc:rock/loose/phyllite":8,"waterflasks:bladder":2,"tfc:stone/javelin_head/metamorphic":1,"tfc_ie_addon:ore/small_aluminum":1,"tfc:metal/propick/copper":1,"kubejs:crumbled_rock":1,"tfc:ceramic/jug":1,"firmalife:ore/small_chromite":2,"tfc_ie_addon:ore/small_uranium":3,"tfc:small_raw_hide":1,"tfc:plant/dry_phragmite":3,"tfc:stone/javelin/metamorphic":5,"waystones:waystone":1,"tfc:rock/loose/basalt":2,"firmalife:rennet":2,"ftbquests:book":1,"tfc:ore/small_malachite":3,"tfc:firestarter":1,"minecraft:bone":4},"minecraft:picked_up":{"tfc:rock/loose/phyllite":8,"tfc:food/onion":3,"waterflasks:bladder":3,"tfc:food/wolf":5,"tfc:small_raw_hide":1,"firmalife:rennet":3,"tfc:ceramic/jug":1,"minecraft:bone":4,"tfc:dirt/silty_loam":8,"tfc:stone/javelin/metamorphic":2,"tfc:ore/small_malachite":2,"tfc:large_raw_hide":1,"tfc:food/venison":15,"manure:manure":1,"firstaid:plaster":10,"minecraft:stick":34,"tfc:metal/propick/copper":2,"tfc:wood/log/birch":15,"tfc:ore/small_native_copper":1,"tfc:food/chevon":5,"tfc:medium_raw_hide":2,"dttfc:birch_seed":1,"tfc:plant/dry_phragmite":3,"tfc:wool":2,"butchersdelight:deadsheep":2,"tfc:stone/javelin_head/metamorphic":1,"tfc:seeds/onion":1,"tfc:wood/twig/birch":1},"minecraft:broken":{"tfc:stone/javelin/metamorphic":1},"minecraft:mined":{"tfc:plant/primrose":2,"tfc:plant/houstonia":2,"tfc:plant/tulip_red":2,"tfc:plant/coontail":2,"tfc:dirt/loam":1,"tfc:plant/lady_fern":8,"tfc:plant/tall_fescue_grass":262,"tfc:plant/orchard_grass":108,"tfc:dirt/silty_loam":3,"tfc:rock/loose/basalt":1,"tfc:grass/silty_loam":5,"tfc:plant/ryegrass":162,"tfc:plant/tulip_pink":1,"tfc:grass/loam":3,"tfc:plant/scutch_grass":70,"tfc:plant/athyrium_fern":3,"tfc:plant/dandelion":1,"tfc:plant/sword_fern":4,"tfc:placed_item":1,"tfc:wild_crop/onion":1,"tfc:rock/raw/phyllite":3,"tfc:plant/butterfly_milkweed":2,"tfc:rock/gravel/basalt":2,"tfc:plant/oxeye_daisy":1,"tfc:plant/tulip_orange":1,"tfc:plant/dry_phragmite":1,"tfc:plant/moss":6,"minecraft:fire":2,"tfc:plant/dry_phragmite_plant":49,"tfc:plant/timothy_grass":46,"tfc:wood/twig/chestnut":1,"tfc:plant/lilac":4,"tfc:wood/twig/birch":2,"tfc:plant/switchgrass":224,"tfc:plant/foxglove":6,"tfc:plant/water_lily":1,"tfc:plant/marigold":1,"tfc:plant/goldenrod":2,"tfc:plant/ostrich_fern":3},"minecraft:killed":{"tfc:goat":1,"tfc:sheep":1,"tfc:alpaca":1,"tfc:wolf":4,"minecraft:zombie":1,"tfc:donkey":2,"tfc:moose":1},"minecraft:killed_by":{"tfc:wolf":3},"minecraft:crafted":{"tfc:stone/javelin/metamorphic":4,"akashictome:tome":1,"tfc:stone/shovel/metamorphic":1,"tfc:firestarter":1,"tfc:stone/axe/metamorphic":2},"minecraft:custom":{"minecraft:mob_kills":11,"minecraft:leave_game":3,"minecraft:time_since_death":14295,"minecraft:time_since_rest":14318,"minecraft:sprint_one_cm":391591,"minecraft:damage_taken":971,"minecraft:walk_one_cm":140802,"minecraft:drop":87,"minecraft:damage_dealt":3724,"minecraft:swim_one_cm":2449,"minecraft:fly_one_cm":589373,"minecraft:open_chest":7,"minecraft:crouch_one_cm":11566,"minecraft:play_time":109228,"minecraft:deaths":5,"minecraft:sneak_time":5139,"minecraft:walk_under_water_one_cm":2461,"minecraft:jump":2931,"minecraft:walk_on_water_one_cm":13147,"minecraft:total_world_time":109228,"minecraft:fall_one_cm":58509,"minecraft:horse_one_cm":11696}},"DataVersion":2975}