{"stats":{"minecraft:used":{"tfc:stone/javelin/metamorphic":146,"tfc:firestarter":5,"tfc_ie_addon:ore/small_uranium":4,"tfc:stone/axe/metamorphic":1},"minecraft:dropped":{"tfc:rock/loose/marble":1,"tfc:wood/log/birch":3,"kubejs:crumbled_rock":1,"tfc:ceramic/jug":1,"firmalife:ore/small_chromite":2,"tfc_ie_addon:ore/small_uranium":2,"tfc:small_raw_hide":1,"tfc:stone/javelin/metamorphic":4,"waystones:waystone":1,"firmalife:rennet":2,"minecraft:bone":4,"minecraft:stick":6},"minecraft:picked_up":{"manure:manure":1,"minecraft:stick":21,"tfc:wood/log/birch":14,"tfc:food/chevon":5,"tfc:medium_raw_hide":2,"tfc:food/wolf":5,"tfc:small_raw_hide":1,"firmalife:rennet":3,"tfc:ceramic/jug":1,"minecraft:bone":4,"tfc:stone/javelin_head/metamorphic":1,"tfc:stone/javelin/metamorphic":1,"tfc:ore/small_malachite":1,"tfc:large_raw_hide":1,"tfc:food/venison":15},"minecraft:mined":{"tfc:plant/tulip_red":1,"minecraft:fire":2,"tfc:plant/tall_fescue_grass":56,"tfc:plant/orchard_grass":2,"tfc:plant/switchgrass":15,"tfc:plant/ryegrass":32,"tfc:plant/scutch_grass":21,"tfc:placed_item":1,"tfc:plant/ostrich_fern":2},"minecraft:killed":{"tfc:wolf":4,"tfc:goat":1,"tfc:moose":1},"minecraft:crafted":{"tfc:stone/javelin/metamorphic":4,"tfc:stone/shovel/metamorphic":1,"tfc:firestarter":1,"tfc:stone/axe/metamorphic":1},"minecraft:killed_by":{"tfc:wolf":2},"minecraft:custom":{"minecraft:time_since_rest":5433,"minecraft:sprint_one_cm":69203,"minecraft:damage_taken":296,"minecraft:walk_one_cm":46944,"minecraft:mob_kills":6,"minecraft:drop":28,"minecraft:damage_dealt":2633,"minecraft:fly_one_cm":96553,"minecraft:crouch_one_cm":2195,"minecraft:play_time":26373,"minecraft:deaths":3,"minecraft:sneak_time":712,"minecraft:walk_under_water_one_cm":321,"minecraft:jump":463,"minecraft:time_since_death":5408,"minecraft:walk_on_water_one_cm":1876,"minecraft:total_world_time":26373,"minecraft:fall_one_cm":6061}},"DataVersion":2975}