{"stats":{"minecraft:used":{"tfc:food/cooked_chevon":5,"tfc_ie_addon:ore/small_aluminum":1,"tfc:stone/javelin/metamorphic":384,"tfc:firestarter":9,"tfc:food/cooked_venison":1,"tfc_ie_addon:ore/small_uranium":4,"tfc:stone/axe/metamorphic":4,"tfc:wood/twig/birch":1},"minecraft:dropped":{"tfc:rock/loose/marble":5,"tfc:wood/log/birch":5,"tfc:stone/javelin_head/metamorphic":1,"kubejs:crumbled_rock":1,"tfc:ceramic/jug":1,"firmalife:ore/small_chromite":2,"tfc:plant/dry_phragmite":3,"tfc_ie_addon:ore/small_uranium":3,"tfc:stone/javelin/metamorphic":5,"tfc:small_raw_hide":1,"waystones:waystone":1,"firmalife:rennet":2,"tfc:food/cooked_wolf":2,"minecraft:stick":6,"minecraft:bone":4},"minecraft:picked_up":{"manure:manure":1,"minecraft:stick":21,"tfc:wood/log/birch":14,"tfc:food/chevon":5,"tfc:medium_raw_hide":2,"tfc:plant/dry_phragmite":3,"tfc:food/wolf":5,"tfc:small_raw_hide":1,"firmalife:rennet":3,"tfc:ceramic/jug":1,"minecraft:bone":4,"tfc:stone/javelin_head/metamorphic":1,"tfc:ore/small_malachite":1,"tfc:stone/javelin/metamorphic":2,"tfc:large_raw_hide":1,"tfc:food/venison":15,"tfc:wood/twig/birch":1},"minecraft:mined":{"tfc:plant/houstonia":1,"tfc:plant/tulip_red":1,"tfc:plant/moss":6,"minecraft:fire":2,"tfc:plant/lady_fern":8,"tfc:plant/tall_fescue_grass":196,"tfc:plant/orchard_grass":64,"tfc:plant/dry_phragmite_plant":32,"tfc:plant/lilac":3,"tfc:plant/timothy_grass":38,"tfc:wood/twig/chestnut":1,"tfc:wood/twig/birch":2,"tfc:plant/switchgrass":161,"tfc:plant/ryegrass":131,"tfc:plant/foxglove":4,"tfc:plant/marigold":1,"tfc:grass/loam":2,"tfc:plant/goldenrod":1,"tfc:plant/scutch_grass":64,"tfc:plant/dandelion":1,"tfc:plant/athyrium_fern":2,"tfc:plant/sword_fern":3,"tfc:placed_item":1,"tfc:plant/ostrich_fern":3,"tfc:plant/butterfly_milkweed":1},"minecraft:killed":{"tfc:wolf":4,"tfc:goat":1,"tfc:alpaca":1,"tfc:moose":1},"minecraft:crafted":{"tfc:stone/javelin/metamorphic":4,"tfc:stone/shovel/metamorphic":1,"tfc:firestarter":1,"tfc:stone/axe/metamorphic":2},"minecraft:killed_by":{"tfc:wolf":3},"minecraft:custom":{"minecraft:time_since_rest":3545,"minecraft:sprint_one_cm":192204,"minecraft:damage_taken":449,"minecraft:walk_one_cm":73463,"minecraft:mob_kills":7,"minecraft:drop":42,"minecraft:damage_dealt":2974,"minecraft:swim_one_cm":793,"minecraft:fly_one_cm":205328,"minecraft:crouch_one_cm":6162,"minecraft:play_time":49799,"minecraft:deaths":4,"minecraft:sneak_time":2058,"minecraft:walk_under_water_one_cm":650,"minecraft:jump":1058,"minecraft:leave_game":2,"minecraft:time_since_death":3519,"minecraft:walk_on_water_one_cm":5704,"minecraft:total_world_time":49799,"minecraft:fall_one_cm":16476}},"DataVersion":2975}