{"stats":{"minecraft:used":{"tfc:food/cooked_venison":1,"tfc:food/cooked_chevon":5,"tfc:stone/javelin/metamorphic":400,"tfc:wood/twig/birch":1,"tfc:stone/axe/metamorphic":5,"tfc:food/cooked_wolf":2,"tfc_ie_addon:ore/small_aluminum":1,"tfc:firestarter":15,"tfc_ie_addon:ore/small_uranium":4},"minecraft:picked_up":{"tfc:food/wolf":5,"tfc:small_raw_hide":1,"firmalife:rennet":3,"tfc:ceramic/jug":1,"minecraft:bone":4,"tfc:stone/javelin/metamorphic":2,"tfc:ore/small_malachite":1,"tfc:large_raw_hide":1,"tfc:food/venison":15,"manure:manure":1,"minecraft:stick":23,"tfc:wood/log/birch":14,"tfc:food/chevon":5,"tfc:medium_raw_hide":2,"dttfc:birch_seed":1,"tfc:plant/dry_phragmite":3,"butchersdelight:deadsheep":1,"tfc:stone/javelin_head/metamorphic":1,"tfc:wood/twig/birch":1},"minecraft:dropped":{"tfc:rock/loose/marble":5,"tfc:wood/log/birch":5,"tfc:food/cooked_wolf":2,"minecraft:stick":8,"dttfc:birch_seed":1,"tfc:stone/javelin_head/metamorphic":1,"kubejs:crumbled_rock":1,"tfc:ceramic/jug":1,"firmalife:ore/small_chromite":2,"tfc_ie_addon:ore/small_uranium":3,"tfc:small_raw_hide":1,"tfc:plant/dry_phragmite":3,"tfc:stone/javelin/metamorphic":5,"waystones:waystone":1,"firmalife:rennet":2,"minecraft:bone":4},"minecraft:mined":{"tfc:plant/houstonia":1,"tfc:plant/tulip_red":1,"tfc:plant/lady_fern":8,"tfc:plant/tall_fescue_grass":198,"tfc:plant/orchard_grass":66,"tfc:plant/ryegrass":132,"tfc:grass/loam":2,"tfc:plant/scutch_grass":64,"tfc:plant/athyrium_fern":2,"tfc:plant/dandelion":1,"tfc:plant/sword_fern":3,"tfc:placed_item":1,"tfc:plant/butterfly_milkweed":1,"tfc:rock/gravel/basalt":2,"tfc:plant/moss":6,"minecraft:fire":2,"tfc:plant/dry_phragmite_plant":32,"tfc:plant/timothy_grass":38,"tfc:wood/twig/chestnut":1,"tfc:plant/lilac":3,"tfc:wood/twig/birch":2,"tfc:plant/switchgrass":162,"tfc:plant/foxglove":4,"tfc:plant/marigold":1,"tfc:plant/goldenrod":1,"tfc:plant/ostrich_fern":3},"minecraft:killed":{"tfc:goat":1,"tfc:sheep":1,"tfc:alpaca":1,"tfc:wolf":4,"minecraft:zombie":1,"tfc:moose":1},"minecraft:killed_by":{"tfc:wolf":3},"minecraft:crafted":{"tfc:stone/javelin/metamorphic":4,"tfc:stone/shovel/metamorphic":1,"tfc:firestarter":1,"tfc:stone/axe/metamorphic":2},"minecraft:custom":{"minecraft:mob_kills":9,"minecraft:leave_game":2,"minecraft:time_since_death":9502,"minecraft:time_since_rest":9528,"minecraft:sprint_one_cm":206152,"minecraft:damage_taken":473,"minecraft:walk_one_cm":79082,"minecraft:drop":45,"minecraft:damage_dealt":3254,"minecraft:swim_one_cm":2120,"minecraft:fly_one_cm":225460,"minecraft:crouch_one_cm":8227,"minecraft:play_time":55782,"minecraft:deaths":4,"minecraft:sneak_time":3142,"minecraft:walk_under_water_one_cm":1780,"minecraft:jump":1162,"minecraft:walk_on_water_one_cm":6558,"minecraft:total_world_time":55782,"minecraft:fall_one_cm":18611}},"DataVersion":2975}