{"stats":{"minecraft:used":{"tfc:firestarter":4,"tfc_ie_addon:ore/small_uranium":4,"tfc:stone/javelin/metamorphic":8,"tfc:stone/axe/metamorphic":1},"minecraft:dropped":{"tfc_ie_addon:ore/small_uranium":2,"tfc:wood/log/birch":3,"minecraft:stick":6,"tfc:ceramic/jug":1,"minecraft:bone":1},"minecraft:picked_up":{"manure:manure":1,"tfc:wood/log/birch":14,"minecraft:stick":21,"tfc:ceramic/jug":1,"minecraft:bone":1,"tfc:food/chevon":5,"tfc:medium_raw_hide":2,"firmalife:rennet":3},"minecraft:mined":{"tfc:plant/switchgrass":5,"tfc:plant/ryegrass":5,"tfc:plant/tulip_red":1,"tfc:plant/scutch_grass":1,"minecraft:fire":2,"tfc:plant/tall_fescue_grass":9,"tfc:plant/orchard_grass":2,"tfc:placed_item":1},"minecraft:killed":{"tfc:goat":1},"minecraft:crafted":{"tfc:stone/axe/metamorphic":1,"tfc:stone/javelin/metamorphic":1,"tfc:firestarter":1,"tfc:stone/shovel/metamorphic":1},"minecraft:custom":{"minecraft:time_since_rest":3346,"minecraft:crouch_one_cm":1191,"minecraft:deaths":1,"minecraft:play_time":14373,"minecraft:sprint_one_cm":31724,"minecraft:walk_one_cm":25601,"minecraft:damage_taken":52,"minecraft:sneak_time":472,"minecraft:walk_under_water_one_cm":154,"minecraft:mob_kills":1,"minecraft:drop":13,"minecraft:jump":213,"minecraft:walk_on_water_one_cm":233,"minecraft:damage_dealt":100,"minecraft:time_since_death":3323,"minecraft:total_world_time":14373,"minecraft:fall_one_cm":3971,"minecraft:fly_one_cm":42852}},"DataVersion":2975}