{"stats":{"minecraft:broken":{"tfc:stone/axe/igneous_intrusive":1,"tfc:stone/knife/igneous_intrusive":1},"minecraft:picked_up":{"waterflasks:bladder":1,"firmalife:rennet":2,"tfc:straw":29,"minecraft:bone":1,"tfc:sand/brown":3,"butchersdelight:deadrabbitbrown":1,"tfc:food/salmon":1,"tfc:wood/fallen_leaves/birch":1,"ftbquests:book":1,"firstaid:plaster":5,"minecraft:stick":38,"tfc:wood/log/birch":42,"tfc:food/chevon":5,"akashictome:tome":1,"tfc:sand/yellow":1,"tfc:rock/loose/diorite":8,"tfc:dirt/loam":4,"tfc:firestarter":2,"tfc:medium_raw_hide":1,"dttfc:birch_seed":5,"tfc:wood/log/pine":17,"pneumaticcraft:bandage":3,"dttfc:pine_seed":1,"waystones:waystone":1,"tfc:wood/twig/birch":2},"minecraft:crafted":{"tfc:stone/javelin/igneous_intrusive":3,"tfc:stone/axe/igneous_intrusive":1,"tfc:firestarter":1,"tfc:stone/shovel/igneous_intrusive":1,"tfc:stone/knife/igneous_intrusive":1},"minecraft:mined":{"tfc:plant/poppy":3,"butchersdelight:deadrabbitblock":1,"tfc:plant/orchard_grass":20,"dttfc:birch_undergrowth_leaves":5,"dttfc:pine_undergrowth_leaves":1,"tfc:plant/ryegrass":20,"dttfc:pine_leaves":1,"tfc:grass/loam":7,"tfc:plant/dandelion":1,"tfc:sand/brown":4,"tfc:sand/yellow":2,"tfc:plant/butterfly_milkweed":2,"tfc:plant/pickerelweed":1,"untamedwilds:block_burrow":2,"tfc:wood/fallen_leaves/birch":1,"minecraft:fire":1,"tfc:plant/cattail":1,"tfc:plant/lilac":4,"tfc:wood/twig/birch":1,"tfc:plant/switchgrass":55,"tfc:plant/labrador_tea":2,"tfc:plant/marigold":2,"tfc:plant/wintergreen_berry_bush":1},"minecraft:killed":{"tfc:salmon":2,"tfc:goat":1,"tfc:rabbit":1},"minecraft:custom":{"minecraft:mob_kills":4,"minecraft:leave_game":1,"minecraft:time_since_death":679,"minecraft:climb_one_cm":403,"minecraft:time_since_rest":711,"minecraft:sprint_one_cm":86097,"minecraft:damage_taken":823,"minecraft:walk_one_cm":252650,"minecraft:drop":95,"minecraft:damage_dealt":160,"minecraft:fly_one_cm":168233,"minecraft:crouch_one_cm":7697,"minecraft:play_time":66650,"minecraft:deaths":5,"minecraft:sneak_time":3025,"minecraft:walk_under_water_one_cm":21393,"minecraft:jump":1065,"minecraft:walk_on_water_one_cm":16743,"minecraft:total_world_time":66650,"minecraft:fall_one_cm":29610},"minecraft:used":{"tfc:food/cooked_chevon":5,"tfc:stone/shovel/igneous_intrusive":21,"tfc:dirt/loam":4,"tfc:sand/yellow":1,"tfc:stone/javelin/igneous_intrusive":20,"minecraft:stick":2,"tfc:wood/log/birch":24,"tfc:stone/axe/igneous_intrusive":10,"tfc:wood/fallen_leaves/birch":1,"tfc:rock/loose/diorite":1,"tfc:food/cooked_salmon":1,"tfc:firestarter":15,"tfc:sand/brown":3,"tfc:stone/knife/igneous_intrusive":60},"minecraft:dropped":{"akashictome:tome":1,"tfc:wood/log/pine":3,"dttfc:pine_seed":1,"tfc:wood/log/birch":6,"tfc:straw":29,"patchouli:guide_book":1,"pneumaticcraft:bandage":3,"minecraft:stick":33,"dttfc:birch_seed":5,"waterflasks:bladder":1,"tfc:rock/loose/diorite":10,"tfc:wood/twig/pine":1,"tfc:wood/twig/birch":4,"waystones:waystone":1,"firstaid:plaster":5,"ftbquests:book":1,"tfc:firestarter":3},"minecraft:killed_by":{"untamedwilds:bison":1,"untamedwilds:big_cat":2}},"DataVersion":2975}