{"stats":{"minecraft:crafted":{"tfc:stone/javelin/metamorphic":4,"farmersdelight:canvas":1,"akashictome:tome":1,"tfc:stone/shovel/metamorphic":1,"tfc:firestarter":2,"tfc:stone/axe/metamorphic":2},"minecraft:killed_by":{"tfc:wolf":3},"minecraft:custom":{"minecraft:mob_kills":12,"minecraft:interact_with_crafting_table":2,"minecraft:leave_game":3,"minecraft:time_since_death":34827,"minecraft:climb_one_cm":3170,"minecraft:time_since_rest":34850,"minecraft:damage_taken":989,"minecraft:sprint_one_cm":411167,"minecraft:walk_one_cm":195506,"minecraft:drop":109,"minecraft:damage_dealt":3824,"minecraft:player_kills":1,"minecraft:swim_one_cm":3227,"minecraft:fly_one_cm":637586,"minecraft:open_chest":13,"minecraft:crouch_one_cm":11891,"minecraft:play_time":129760,"minecraft:deaths":5,"minecraft:sneak_time":5296,"minecraft:walk_under_water_one_cm":2547,"minecraft:jump":3220,"minecraft:walk_on_water_one_cm":14427,"minecraft:total_world_time":129760,"minecraft:fall_one_cm":64421,"minecraft:horse_one_cm":11696},"minecraft:mined":{"tfc:plant/primrose":2,"tfc:plant/houstonia":3,"tfc:plant/tulip_red":2,"tfc:plant/coontail":2,"tfc:dirt/loam":1,"tfc:plant/lady_fern":8,"tfc:plant/tall_fescue_grass":300,"tfc:plant/orchard_grass":134,"tfc:ore/rich_native_copper/basalt":3,"tfc:rock/loose/basalt":1,"tfc:grass/silty_loam":5,"tfc:dirt/silty_loam":3,"tfc:plant/ryegrass":180,"tfc:plant/tulip_pink":1,"tfc:grass/loam":3,"tfc:plant/scutch_grass":76,"tfc:plant/dandelion":1,"tfc:plant/sword_fern":4,"tfc:plant/athyrium_fern":3,"tfc:placed_item":1,"tfc:wild_crop/onion":1,"tfc:wood/fallen_leaves/chestnut":1,"tfc:rock/raw/phyllite":3,"tfc:plant/butterfly_milkweed":2,"tfc:rock/gravel/basalt":2,"tfc:plant/oxeye_daisy":1,"firmalife:wood/hanger/birch":1,"tfc:plant/tulip_orange":1,"tfc:plant/dry_phragmite":1,"tfc:plant/moss":6,"minecraft:fire":2,"tfc:plant/dry_phragmite_plant":50,"tfc:plant/trillium":3,"tfc:plant/timothy_grass":54,"tfc:wood/twig/chestnut":1,"tfc:plant/lilac":5,"tfc:wood/twig/birch":2,"tfc:plant/switchgrass":259,"tfc:plant/foxglove":6,"tfc:plant/marigold":1,"tfc:plant/water_lily":1,"tfc:plant/goldenrod":2,"tfc:plant/ostrich_fern":3,"tfc:ore/poor_native_copper/basalt":1},"minecraft:killed":{"tfc:goat":1,"tfc:sheep":1,"tfc:alpaca":2,"tfc:wolf":4,"minecraft:zombie":1,"tfc:donkey":2,"tfc:moose":1},"minecraft:picked_up":{"tfc:rock/loose/phyllite":8,"tfc:food/onion":3,"waterflasks:bladder":4,"tfc:food/wolf":5,"tfc:small_raw_hide":1,"firmalife:rennet":5,"tfc:ceramic/jug":1,"minecraft:bone":6,"tfc:dirt/silty_loam":8,"tfc:stone/javelin/metamorphic":2,"tfc:ore/small_malachite":2,"tfc:large_raw_hide":2,"tfc:ore/poor_native_copper":1,"tfc:metal/pickaxe/copper":1,"tfc:food/venison":15,"firmalife:wood/hanger/birch":1,"manure:manure":1,"tfc:ore/rich_native_copper":3,"firstaid:plaster":10,"minecraft:stick":38,"tfc:wood/log/birch":25,"tfc:metal/propick/copper":2,"tfc:ore/small_native_copper":1,"tfc:food/chevon":5,"tfc:wood/fallen_leaves/chestnut":1,"tfc:medium_raw_hide":2,"dttfc:birch_seed":1,"tfc:food/camelidae":7,"tfc:plant/dry_phragmite":3,"tfc:wool":7,"butchersdelight:deadsheep":2,"tfc:stone/javelin_head/metamorphic":1,"tfc:seeds/onion":1,"tfc:wood/twig/birch":2},"minecraft:dropped":{"farmersdelight:canvas":1,"tfc:rock/loose/marble":7,"tfc:wood/log/birch":7,"butchersdelight:deadsheep":1,"tfc:seeds/onion":1,"tfc:dirt/silty_loam":8,"tfc:food/cooked_wolf":2,"dttfc:birch_seed":1,"minecraft:stick":23,"tfc:rock/loose/phyllite":8,"waterflasks:bladder":3,"tfc:large_raw_hide":1,"tfc:wool":1,"tfc:stone/javelin_head/metamorphic":1,"tfc:ore/small_sphalerite":1,"tfc_ie_addon:ore/small_aluminum":1,"tfc:metal/propick/copper":1,"kubejs:crumbled_rock":1,"tfc:ceramic/jug":1,"firmalife:ore/small_chromite":2,"tfc:wood/twig/birch":2,"tfc_ie_addon:ore/small_uranium":3,"tfc:stone/javelin/metamorphic":5,"tfc:plant/dry_phragmite":3,"tfc:small_raw_hide":1,"waystones:waystone":1,"firstaid:plaster":3,"tfc:rock/loose/basalt":4,"firmalife:rennet":4,"ftbquests:book":1,"tfc:ore/small_malachite":3,"tfc:firestarter":2,"minecraft:bone":6},"minecraft:used":{"tfc:food/cooked_venison":15,"tfc:food/cooked_chevon":5,"tfc:food/onion":3,"firmalife:wood/hanger/birch":1,"tfc:stone/javelin/metamorphic":464,"tfc:wood/log/birch":5,"tfc:wood/twig/birch":1,"tfc:stone/axe/metamorphic":13,"tfc:metal/pickaxe/copper":25,"tfc:wood/fallen_leaves/chestnut":1,"tfc:food/cooked_wolf":3,"tfc:ore/small_native_copper":3,"tfc_ie_addon:ore/small_aluminum":1,"exnihilosequentia:wooden_crook":1,"tfc:food/cooked_camelidae":4,"tfc:firestarter":17,"tfc:ore/small_malachite":1,"tfc_ie_addon:ore/small_uranium":4,"tfc:metal/propick/copper":142},"minecraft:broken":{"tfc:stone/javelin/metamorphic":1}},"DataVersion":2975}