{"stats":{"minecraft:picked_up":{"tfc:straw":1,"tfc:ceramic/bowl":2},"minecraft:mined":{"tfc:plant/switchgrass":2,"tfc:plant/ryegrass":4,"tfc:plant/scutch_grass":1,"tfc:plant/tall_fescue_grass":8,"tfc:placed_item":2},"minecraft:dropped":{"tfc:ceramic/bowl":2,"tfc:straw":1},"minecraft:custom":{"minecraft:time_since_rest":4182,"minecraft:open_chest":1,"minecraft:crouch_one_cm":71,"minecraft:play_time":4182,"minecraft:sprint_one_cm":2827,"minecraft:walk_one_cm":4323,"minecraft:sneak_time":15,"minecraft:drop":3,"minecraft:jump":60,"minecraft:damage_dealt":0,"minecraft:leave_game":1,"minecraft:time_since_death":4182,"minecraft:total_world_time":4182,"minecraft:fall_one_cm":894,"minecraft:fly_one_cm":6608,"minecraft:player_kills":1}},"DataVersion":2975}