{"stats":{"minecraft:used":{"tfc:food/barley":7,"tfc:seeds/barley":6,"tfc:pan/filled":95,"tfc:dirt/loam":2,"tfc:food/onion":6,"tfc:stone/shovel/metamorphic":28,"tfc:stone/javelin/metamorphic":21,"tfc:food/cooked_rabbit":1,"minecraft:stick":1,"tfc:wood/log/birch":1,"tfc:stone/knife/metamorphic":25,"tfc:mud/loam":1,"dttfc:birch_seed":3,"tfc:plant/dry_phragmite":2,"tfc:stone/axe/metamorphic":10,"waystones:waystone":1,"tfc:pan/empty":190,"tfc:plant/primrose":1,"tfc:torch":6,"tfc:firestarter":24,"tfc:stone/hoe/metamorphic":6,"minecraft:air":3},"minecraft:dropped":{"tfc:pumpkin":1,"tfc:rock/loose/marble":3,"tfc:stone/knife_head/metamorphic":1,"tfc:wood/log/birch":2,"tfc:straw":35,"tfc:pan/empty":2,"tfc:food/onion":3,"tfc:dirt/silty_loam":2,"tfc:food/barley":4,"dttfc:birch_seed":3,"minecraft:stick":6,"tfc:torch":1,"tfc:ceramic/jug":1,"tfc:dirt/loam":1,"minecraft:gold_nugget":2,"tfcorewashing:copper_powder":4,"ftbquests:book":1,"tfc:wood/fallen_leaves/chestnut":1},"minecraft:picked_up":{"tfc:rock/loose/marble":16,"tfc:food/onion":9,"minecraft:clay_ball":49,"tfc:ceramic/unfired_bowl":2,"tfc:wood/twig/maple":2,"tfc:pan/empty":2,"tfc:food/barley":11,"tfc:straw":72,"tfc:ceramic/jug":1,"tfc:wood/log/chestnut":35,"minecraft:gold_nugget":1,"butchersdelight:deadrabbitbrown":1,"minecraft:rabbit_hide":1,"ftbquests:book":1,"tfc:dirt/silty_loam":2,"minecraft:rabbit":1,"tfc:seeds/barley":6,"tfcorewashing:copper_powder":10,"minecraft:stick":48,"tfc:wood/log/birch":57,"tfc:dirt/loam":3,"tfc:plant/primrose":1,"dttfc:birch_seed":10,"tfc:ceramic/pot":1,"tfc:plant/dry_phragmite":2,"minecraft:rabbit_foot":1,"tfc:wood/fallen_leaves/chestnut":1,"tfc:wood/twig/chestnut":1,"waystones:waystone":1,"tfc:stone/knife_head/metamorphic":1,"tfc:pumpkin":1,"tfc:torch":5,"tfc:mud/loam":1,"tfc:wood/twig/birch":2,"tfc:seeds/onion":5},"minecraft:mined":{"tfc:wood/log/birch":1,"tfc:mud/loam":1,"tfc:plant/primrose":2,"tfc:plant/tulip_red":1,"tfc:plant/tall_fescue_grass":4,"tfc:plant/orchard_grass":7,"dttfc:chestnut_leaves":4,"tfc:grass/silty_loam":1,"tfc:plant/ryegrass":9,"tfc:grass/loam":3,"tfc:plant/scutch_grass":1,"tfc:wall_torch":1,"tfc:wild_crop/onion":5,"tfc:placed_item":9,"tfc:torch":4,"tfc:wood/fallen_leaves/chestnut":1,"tfc:wood/twig/maple":2,"tfc:groundcover/stick":1,"tfc:plant/oxeye_daisy":1,"tfc:log_pile":2,"minecraft:fire":29,"tfc:plant/timothy_grass":1,"tfc:rock/loose/marble":8,"tfc:wood/twig/chestnut":2,"tfc:wood/twig/birch":2,"tfc:plant/switchgrass":10,"tfc:plant/goldenrod":1,"tfc:wild_crop/barley":6,"tfc:pumpkin":1,"tfc:clay_grass/silty_loam":23},"minecraft:killed":{"tfc:rabbit":2},"minecraft:killed_by":{"tfc:wolf":2},"minecraft:custom":{"minecraft:mob_kills":2,"minecraft:leave_game":2,"minecraft:time_since_death":18518,"minecraft:climb_one_cm":510,"minecraft:time_since_rest":18544,"minecraft:waystone_activated":2,"minecraft:sprint_one_cm":210608,"minecraft:damage_taken":660,"minecraft:walk_one_cm":360553,"minecraft:drop":50,"minecraft:damage_dealt":180,"minecraft:swim_one_cm":3347,"minecraft:fly_one_cm":81989,"minecraft:crouch_one_cm":9934,"minecraft:play_time":125499,"minecraft:deaths":3,"minecraft:sneak_time":12059,"minecraft:walk_under_water_one_cm":77223,"minecraft:jump":921,"minecraft:walk_on_water_one_cm":8886,"minecraft:total_world_time":125499,"minecraft:fall_one_cm":7166},"minecraft:crafted":{"tfc:stone/hoe/metamorphic":1,"tfc:stone/javelin/metamorphic":2,"farmersdelight:canvas":2,"akashictome:tome":1,"htm:plant_string":2,"minecraft:stick":5,"tfc:stone/shovel/metamorphic":1,"tfc:firestarter":2,"tfc:stone/knife/metamorphic":1,"tfc:stone/axe/metamorphic":2,"tfc:dead_torch":2}},"DataVersion":2975}