{"stats":{"minecraft:mined":{"firmalife:oven_chimney":1,"tfc:mud/loam":69,"tfc:plant/houstonia":5,"tfc:wood/barrel/birch":3,"tfc:plant/orchard_grass":82,"tfc:ore/rich_native_copper/basalt":40,"dttfc:birch_undergrowth_leaves":2,"tfc:ore/normal_native_copper/basalt":77,"tfc:grass/silty_loam":4,"tfc:wall_torch":12,"tfc:rock/gravel/basalt":27,"tfc:groundcover/stick":3,"tfc:plant/oxeye_daisy":4,"tfc:wild_crop/potato":2,"minecraft:fire":34,"tfc:metal/anvil/copper":1,"tfc:plant/trillium":1,"tfc:plant/switchgrass":136,"tfc:wild_crop/barley":15,"tfc:pumpkin":5,"tfc:clay_grass/silty_loam":47,"tfc:crop/barley":6,"firmalife:oven_bottom":1,"tfc:wattle":18,"tfc:dead_torch":1,"minecraft:torch":1,"tfc:rock/raw/basalt":104,"tfc:rock/bricks/andesite":1,"tfc:grass/loam":17,"tfc:plant/scutch_grass":37,"tfc:plant/ivy":1,"tfc:plant/dandelion":18,"tfc:plant/sword_fern":4,"minecraft:wall_torch":2,"tfc:rock/loose/dolomite":1,"tfc:wood/fallen_leaves/birch":1,"tfc:log_pile":6,"tfc:rock/anvil/rhyolite":1,"tfc:rock/cobble/basalt":5,"firmalife:mixing_bowl":1,"tfc:rock/gravel/marble":10,"choppingblock:chopping_block":1,"tfc:drying_bricks/loam":58,"tfc:mud/silty_loam":10,"tfc:plant/ostrich_fern":2,"exnihilosequentia:infested_leaves":18,"tfc:crop/rye":1,"tfc:plant/primrose":6,"tfc:mud_bricks/loam":1,"tfc:rock/raw/marble":13,"tfc:dirt/loam":6,"tfc:plant/tall_fescue_grass":207,"firmalife:beehive":1,"butchersdelight:deadsheepblock":2,"tfc:dirt/silty_loam":6,"minecraft:ladder":1,"tfc:clay_grass/loam":36,"tfc:wattle/unstained":3,"dttfc:birch_leaves":31,"tfc:charcoal_pile":43,"tfc:ore/small_native_copper":8,"tfc:wild_crop/beet":3,"tfc:wood/twig/maple":4,"tfc:plant/tulip_orange":12,"firmalife:wood/hanger/birch":2,"tfc:rock/cobble/marble":26,"tfc:plant/timothy_grass":22,"tfc:rock/loose/marble":18,"tfc:quern":3,"tfc:wood/barrel/chestnut":2,"tfc:plant/foxglove":2,"tfc:rock/loose/andesite":1,"tfc:plant/goldenrod":3,"tfc:ore/poor_native_copper/basalt":37,"functionalstorage:tfc_birch_1":1,"tfc:wood/log/birch":5,"firmalife:oven_top":1,"tfc:crop/wheat":1,"tfc:plant/tulip_red":31,"dttfc:chestnut_leaves":4,"tfc:wild_crop/wheat":6,"tfc:wood/leaves/birch":23,"tfc:plant/ryegrass":131,"tfc:plant/athyrium_fern":2,"tfc:placed_item":39,"tfc:wild_crop/onion":11,"tfc:torch":31,"tfc:rock/raw/phyllite":4,"tfc:wood/fallen_leaves/chestnut":2,"firmalife:sealed_bricks":12,"tfc:wood/vertical_support/birch":7,"tfc:plant/moss":3,"tfc:wood/twig/chestnut":11,"tfc:wood/twig/birch":31,"tfc:wild_crop/rye":8},"minecraft:killed_by":{"minecraft:player":2,"tfc:wolf":8},"minecraft:killed":{"tfc:wolf":8,"tfc:rabbit":2,"tfc:direwolf":5},"minecraft:broken":{"tfc:stone/hoe/igneous_extrusive":1,"tfc:stone/shovel/metamorphic":2,"tfc:stone/hammer/metamorphic":1,"tfc:stone/knife/metamorphic":3,"tfc:firestarter":2,"tfc:stone/hammer/igneous_extrusive":1,"tfc:stone/shovel/sedimentary":1,"tfc:stone/axe/metamorphic":2,"tfc:stone/hammer/sedimentary":4,"tfc:stone/axe/igneous_extrusive":1},"minecraft:dropped":{"tfc:metal/saw/copper":1,"tfc:rock/cobble/marble":5,"tfc:rock/loose/marble":14,"tfc:wood/log/birch":3,"tfc:pan/empty":2,"tfc:metal/pickaxe/copper":1,"tfc:seeds/rye":2,"tfcorewashing:rocky_chunks_hematite":75,"tfcorewashing:dirty_pile_copper":65,"tfc:mud/silty_loam":9,"dttfc:birch_seed":10,"minecraft:flint":3,"tfcorewashing:chunks_hematite":2,"tfc:brick/andesite":2,"tfc:mud/loam":13,"tfc:seeds/beet":1,"tfc:ore/poor_native_copper":1,"minecraft:gold_nugget":2,"tfc:metal/ingot/copper":4,"tfc:stone/hoe/metamorphic":1,"ftbquests:book":1,"minecraft:bone":14,"firmalife:food/pumpkin_chunks":1,"tfc:seeds/onion":9,"tfc:food/barley":4,"tfc:plant/sword_fern":2,"tfc:stone/shovel/metamorphic":1,"tfc:metal/propick/copper":1,"kubejs:crumbled_rock":2,"tfc:ceramic/jug":1,"tfc:stone/hammer/metamorphic":1,"tfc:rock/loose/andesite":139,"htm:flint_scrap":4,"tfc:wood/lumber/chestnut":12,"tfc:ore/small_malachite":1,"tfc:rock/gravel/marble":4,"tfc:wood/fallen_leaves/chestnut":2,"dttfc:chestnut_seed":11,"tfc:pumpkin":1,"tfc:stone/knife_head/metamorphic":1,"tfc:straw":48,"tfc:wood/fallen_leaves/birch":1,"minecraft:copper_ingot":2,"tfcorewashing:dirty_dust_copper":955,"tfcorewashing:chunks_copper":1,"tfc:rock/cobble/andesite":20,"minecraft:stick":46,"tfcorewashing:copper_powder":4,"tfc:metal/double_ingot/copper":9,"tfc:rock/gravel/basalt":11,"tfc:rock/loose/basalt":33,"minecraft:string":1,"tfc:firestarter":5,"tfc:rock/loose/dolomite":78,"minecraft:clay_ball":1,"tfc:food/onion":3,"firmalife:sealed_bricks":1,"tfc:dirt/silty_loam":3,"tfc:ceramic/ingot_mold":1,"tfc:rock/loose/rhyolite":3,"tfc:stone/hammer/sedimentary":1,"tfc:stone/knife/igneous_extrusive":1,"tfc:torch":1,"tfc:dirt/loam":4,"tfcorewashing:rocky_chunks_copper":934,"tfcorewashing:pile_red_sand":9,"tfc:ceramic/vessel":1},"minecraft:picked_up":{"tfc:wood/support/birch":130,"tfc:metal/anvil/copper":1,"tfc:rock/cobble/andesite":10,"tfc:mortar":16,"tfc:pan/empty":2,"tfc:small_raw_hide":7,"tfc:seeds/rye":9,"minecraft:string":26,"tfc:rock/cobble/basalt":1,"tfc:rock/gravel/basalt":22,"kubejs:crumbled_rock":5,"tfc:wood/fallen_leaves/birch":1,"minecraft:gold_nugget":1,"tfc:metal/ingot/copper":14,"tfc:food/cooked_wolf":11,"tfc:seeds/barley":22,"firmalife:oven_top":2,"minecraft:stick":471,"htm:flint_scrap":4,"tfc:food/wheat":20,"minecraft:torch":4,"htm:flint_shears":1,"tfc:rock/loose/rhyolite":6,"tfc:plant/dry_phragmite":2,"minecraft:rabbit_foot":1,"tfc:plant/houstonia":5,"tfc:wattle":20,"farmersdelight:canvas":2,"tfcorewashing:dirty_pile_hematite":12,"tfc:ceramic/bowl":2,"dttfc:chestnut_seed":25,"firmalife:mixing_bowl":1,"tfc:ore/topaz":1,"tfc:stone/knife_head/metamorphic":2,"tfc:torch":44,"tfc:wood/support/chestnut":18,"tfc:rock/gravel/marble":10,"tfc:food/onion":21,"tfcorewashing:chunks_copper":709,"functionalstorage:tfc_birch_1":1,"tfcorewashing:chunks_hematite":49,"tfc:plant/oxeye_daisy":2,"tfc:quern":3,"firmalife:spoon":1,"tfc:seeds/wheat":7,"minecraft:flint":7,"tfc:seeds/beet":4,"tfc:rock/cobble/marble":16,"tfc:wood/sluice/birch":1,"minecraft:bone":37,"tfc:ceramic/unfired_ingot_mold":11,"tfc:wood/log/chestnut":155,"ftbquests:book":1,"tfc:large_raw_hide":1,"tfc:plant/sword_fern":2,"tfc:brick/andesite":2,"tfc:ore/poor_native_copper":33,"tfc:seeds/potato":2,"minecraft:rabbit":1,"tfc:plant/tulip_orange":9,"htm:plant_string":2,"firstaid:plaster":3,"firmalife:oven_bottom":1,"tfc:ceramic/vessel":3,"tfc:dirt/loam":28,"tfc:firestarter":2,"tfc:plant/primrose":5,"exnihilosequentia:silkworm":26,"tfc:mud/silty_loam":15,"tfc:wood/barrel/chestnut":2,"waystones:waystone":2,"tfc:stone/knife/metamorphic":1,"tfc:food/wheat_flour":8,"tfc:ceramic/unfired_jug":1,"tfc:seeds/onion":24,"minecraft:charcoal":42,"tfc:rock/loose/phyllite":11,"minecraft:ladder":1,"minecraft:clay_ball":163,"tfc:mud_brick/loam":232,"tfc:metal/double_ingot/copper":9,"tfc:wood/twig/maple":4,"minecraft:brick":7,"tfc:stone/hammer/sedimentary":1,"tfcorewashing:dirty_dust_hematite":3,"tfc:food/barley":46,"tfc:rock/loose/andesite":593,"tfc:straw":229,"tfc:ceramic/jug":1,"butchersdelight:deadrabbitbrown":1,"tfc:plant/foxglove":1,"tfc:dirt/silty_loam":7,"tfc:metal/pickaxe/copper":1,"firmalife:wood/hanger/birch":2,"tfcorewashing:copper_powder":523,"tfc:ore/rich_native_copper":40,"tfc:plant/dandelion":18,"tfc:wood/barrel/birch":3,"tfc:ore/normal_native_copper":76,"minecraft:copper_ingot":1,"tfc:metal/saw/copper":1,"tfc:rock/raw/marble":12,"tfc:ceramic/unfired_brick":3,"tfcorewashing:dirty_dust_copper":243,"dttfc:birch_seed":58,"tfc:stone/hoe/metamorphic":1,"tfc:ceramic/pot":1,"tfc:mud_bricks/loam":1,"tfc:rock/loose/basalt":296,"butchersdelight:deadsheep":3,"firmalife:sealed_bricks":13,"tfcorewashing:rocky_chunks_copper":168,"tfc:wood/twig/chestnut":10,"chiselsandbits:chisel_stone":1,"tfc:rock/bricks/andesite":1,"tfc:food/beet":7,"tfc:rock/loose/marble":76,"choppingblock:chopping_block":1,"tfc:ceramic/unfired_bowl":2,"tfcorewashing:rocky_chunks_hematite":25,"tfc:food/wolf":42,"tfc:wood/lumber/chestnut":12,"tfcorewashing:pile_red_sand":527,"minecraft:rabbit_hide":1,"firmalife:oven_chimney":4,"tfc:wattle/unstained":3,"tfc:wood/log/birch":263,"tfc:rock/raw/phyllite":1,"tfc:ore/small_native_copper":8,"tfc:plant/tulip_red":29,"firmalife:food/pumpkin_chunks":10,"tfc:blubber":3,"tfc:medium_raw_hide":5,"tfc:handstone":2,"tfc:food/rye":25,"tfc:wood/leaves/birch":26,"tfc:wood/fallen_leaves/chestnut":2,"butchersdelight:sheephide":1,"tfc:food/potato":2,"tfc:ceramic/ingot_mold":9,"firmalife:beehive":1,"tfcorewashing:dirty_pile_copper":337,"tfc:pumpkin":5,"tfc:rock/loose/dolomite":144,"tfc:mud/loam":73,"tfc:wood/twig/birch":31},"minecraft:crafted":{"htm:flint_shears":1,"tfc:rock/cobble/basalt":48,"tfc:metal/chisel/copper":1,"tfc:wood/planks/birch_tool_rack":1,"farmersdelight:canvas":5,"htm:plant_string":10,"tfc:wood/chest/birch":6,"firmalife:wood/hanger/birch":1,"tfc:stone/hammer/igneous_extrusive":1,"tfc:food/mutton":12,"tfc:handstone":4,"tfc:thatch":1,"tfc:stone/knife/igneous_extrusive":2,"htm:flint_sharped":6,"tfc:wattle":48,"tfc:daub":10,"minecraft:bricks":6,"firmalife:spoon":1,"chiselsandbits:chisel_stone":1,"firmalife:beehive_frame":6,"tfc:rock/cobble/andesite":10,"tfcorewashing:rocky_chunks_copper":745,"tfc:quern":2,"tfc:wood/planks/birch_workbench":1,"tfcorewashing:rocky_chunks_hematite":50,"tfc:food/cooked_wolf":348,"tfc:metal/chisel_head/copper":1,"tfc:wood/barrel/birch":1,"tfc:rock/smooth/marble":4,"tfc:wood/lumber/birch":136,"minecraft:stick":26,"tfc:stone/shovel/metamorphic":4,"tfc:stone/hammer/metamorphic":2,"tfc:stone/knife/metamorphic":3,"tfc:stone/axe/igneous_extrusive":1,"tfc:wood/barrel/chestnut":1,"functionalstorage:tfc_birch_1":1,"butchersdelight:deadsheep":2,"firmalife:beehive":1,"akashictome:tome":1,"firmalife:sealed_bricks":32,"firmalife:treated_lumber":8,"tfc:sand/red":26,"tfc:stick_bundle":8,"firmalife:peel":1,"htm:flint_scrap":12,"waterstrainer:string_mesh":6,"minecraft:ladder":39,"tfc:stone/hoe/igneous_extrusive":1,"tfc:wood/sluice/birch":2,"exnihilosequentia:wooden_crook":1,"tfc:brick/andesite":159,"tfc:dead_torch":5,"tfc:stone/shovel/sedimentary":1,"tfc:stone/hoe/metamorphic":2,"tfc:drying_bricks/loam":232,"tfc:stone/javelin/metamorphic":5,"tfc:mud_bricks/loam":58,"tfc:metal/propick_head/copper":1,"tfc:metal/axe/copper":1,"minecraft:bowl":3,"tfc:stone/hammer/sedimentary":6,"tfc:metal/propick/copper":1,"tfc:rock/bricks/andesite":112,"tfcorewashing:dirty_dust_copper":63,"tfc:firestarter":6,"tfc:metal/anvil/copper":1,"firmalife:mixing_bowl":1,"tfc:metal/saw_blade/copper":1,"tfc:food/wheat_grain":4,"tfc:metal/pickaxe/copper":1,"tfc:metal/pickaxe_head/copper":1,"tfc:powder/flux":68,"tfc:wood/planks/birch":9,"tfc:stone/axe/metamorphic":5,"tfc:stick_bunch":17,"tfc:wood/lumber/chestnut":36,"tfc:metal/saw/copper":1},"minecraft:custom":{"minecraft:interact_with_crafting_table":74,"minecraft:leave_game":22,"minecraft:time_since_death":102968,"minecraft:sprint_one_cm":1040270,"minecraft:drop":271,"minecraft:play_time":1013441,"minecraft:deaths":13,"minecraft:jump":4974,"minecraft:walk_on_water_one_cm":98469,"minecraft:waystone_activated":3,"minecraft:damage_dealt":2064,"minecraft:crouch_one_cm":129997,"minecraft:mob_kills":15,"minecraft:climb_one_cm":21704,"minecraft:walk_one_cm":3580843,"minecraft:sneak_time":65505,"minecraft:walk_under_water_one_cm":115179,"minecraft:total_world_time":1013441,"minecraft:time_since_rest":102996,"minecraft:damage_taken":1924,"minecraft:swim_one_cm":5405,"minecraft:fly_one_cm":300266,"minecraft:open_chest":894,"minecraft:fall_one_cm":34502},"minecraft:used":{"tfc:food/barley":37,"tfc:rock/loose/andesite":1,"tfc:quern":5,"minecraft:ladder":32,"tfc:plant/dandelion":18,"tfc:wood/support/birch":35,"tfc:metal/anvil/copper":2,"tfc:metal/saw/copper":42,"firmalife:beehive":2,"minecraft:bricks":7,"tfc:rock/loose/dolomite":3,"tfc:wood/leaves/birch":26,"firmalife:oven_bottom":2,"tfc:wattle/unstained":3,"tfc:mud/silty_loam":6,"tfc:rock/raw/phyllite":3,"tfc:rock/raw/marble":4,"tfc:mud_bricks/loam":59,"tfc:seeds/wheat":7,"tfc:rock/cobble/basalt":34,"tfc:plant/oxeye_daisy":2,"firmalife:sealed_bricks":44,"tfc:wood/sluice/birch":3,"tfc:rock/cobble/marble":1,"tfc:drying_bricks/loam":196,"tfc:pan/filled":130,"tfc:plant/tulip_orange":9,"tfc:wattle":68,"firmalife:wood/hanger/birch":3,"tfc:dead_torch":3,"tfc:stone/javelin/metamorphic":160,"firmalife:oven_top":2,"tfc:wood/planks/birch_tool_rack":1,"tfc:stone/axe/metamorphic":16,"waystones:waystone":2,"tfc:food/beet":7,"tfc:wood/barrel/chestnut":3,"tfc:seeds/onion":11,"tfc:pan/empty":260,"tfc:plant/primrose":5,"tfc:wood/barrel/birch":4,"tfc:torch":47,"tfc:firestarter":82,"tfc:stone/hoe/igneous_extrusive":70,"exnihilosequentia:silkworm":23,"tfc:food/wheat":6,"minecraft:air":26,"tfc:plant/foxglove":1,"tfc:stone/hammer/sedimentary":1,"tfc:seeds/barley":21,"tfc:sand/red":2,"tfc:dirt/loam":16,"tfc:food/onion":7,"tfc:metal/axe/copper":3,"functionalstorage:tfc_birch_1":2,"tfc:food/cooked_rabbit":1,"minecraft:stick":3,"minecraft:torch":3,"tfc:stone/shovel/sedimentary":51,"tfc:plant/tulip_red":29,"tfc:food/cooked_wolf":15,"tfc:ore/small_native_copper":1,"tfc:stone/axe/igneous_extrusive":18,"exnihilosequentia:wooden_crook":46,"tfc:food/cooked_camelidae":3,"tfc:rock/gravel/marble":1,"tfc:stone/hoe/metamorphic":45,"tfc:rock/loose/marble":3,"tfc:rock/bricks/andesite":47,"tfc:metal/propick/copper":226,"tfc:food/cooked_mutton":12,"dttfc:chestnut_seed":2,"tfc:wood/chest/birch":5,"tfc:wood/planks/birch":1,"cgm:pistol":73,"tfc:wood/planks/birch_workbench":1,"choppingblock:chopping_block":1,"tfc:food/rye":6,"tfc:stone/shovel/metamorphic":180,"tfc:stone/knife/igneous_extrusive":106,"htm:flint_shears":27,"tfc:seeds/rye":7,"tfc:wood/log/birch":19,"tfc:stone/knife/metamorphic":163,"tfc:plant/houstonia":5,"tfc:mud/loam":2,"dttfc:birch_seed":18,"firmalife:food/wheat_flatbread":4,"tfc:rock/raw/rhyolite":2,"tfc:plant/dry_phragmite":2,"tfc:wood/twig/birch":2,"tfc:metal/pickaxe/copper":337,"tfc:ceramic/large_vessel":1,"tfc:food/potato":2,"firmalife:oven_chimney":4,"tfc:metal/lamp/copper":1,"firmalife:mixing_bowl":2,"tfc:rock/gravel/basalt":5}},"DataVersion":2975}