{"stats":{"minecraft:broken":{"tfc:stone/shovel/metamorphic":1,"tfc:stone/knife/metamorphic":2,"tfc:stone/axe/metamorphic":2},"minecraft:picked_up":{"tfc:wood/support/birch":104,"minecraft:ladder":1,"minecraft:clay_ball":74,"tfc:wood/twig/maple":3,"tfc:rock/cobble/andesite":10,"tfc:pan/empty":2,"tfc:small_raw_hide":1,"tfc:straw":135,"minecraft:string":11,"tfc:seeds/rye":1,"tfc:rock/cobble/basalt":1,"tfc:rock/loose/andesite":156,"tfc:food/barley":11,"tfc:ceramic/jug":1,"tfc:rock/gravel/basalt":22,"butchersdelight:deadrabbitbrown":1,"tfc:plant/foxglove":1,"minecraft:gold_nugget":1,"tfc:dirt/silty_loam":5,"tfc:seeds/barley":6,"firmalife:wood/hanger/birch":1,"tfcorewashing:copper_powder":136,"tfc:ore/rich_native_copper":29,"tfc:plant/dandelion":18,"minecraft:stick":299,"tfc:ore/normal_native_copper":50,"htm:flint_scrap":4,"tfc:rock/raw/marble":7,"htm:flint_shears":1,"tfcorewashing:dirty_dust_copper":30,"dttfc:birch_seed":36,"tfc:ceramic/pot":1,"tfc:plant/dry_phragmite":2,"minecraft:rabbit_foot":1,"tfc:plant/houstonia":3,"tfc:rock/loose/basalt":280,"farmersdelight:canvas":1,"butchersdelight:deadsheep":3,"dttfc:chestnut_seed":14,"tfc:wood/twig/chestnut":2,"tfc:ore/topaz":1,"tfc:stone/knife_head/metamorphic":2,"chiselsandbits:chisel_stone":1,"tfc:torch":24,"tfc:food/beet":7,"tfc:rock/loose/marble":56,"tfc:rock/gravel/marble":9,"choppingblock:chopping_block":1,"tfc:food/onion":9,"tfcorewashing:chunks_copper":170,"tfc:ceramic/unfired_bowl":2,"minecraft:flint":7,"tfc:seeds/beet":4,"tfc:food/wolf":4,"tfc:rock/cobble/marble":10,"tfc:wood/sluice/birch":1,"minecraft:bone":8,"tfc:wood/log/chestnut":100,"tfcorewashing:pile_red_sand":136,"ftbquests:book":1,"minecraft:rabbit_hide":1,"tfc:ore/poor_native_copper":16,"tfc:seeds/potato":2,"minecraft:rabbit":1,"tfc:plant/tulip_orange":9,"htm:plant_string":2,"tfc:wood/log/birch":203,"tfc:ore/small_native_copper":8,"tfc:plant/tulip_red":26,"tfc:blubber":3,"tfc:ceramic/vessel":1,"tfc:dirt/loam":13,"tfc:plant/primrose":5,"exnihilosequentia:silkworm":15,"tfc:food/rye":2,"tfc:mud/silty_loam":13,"tfc:wood/leaves/birch":26,"tfc:wood/fallen_leaves/chestnut":1,"butchersdelight:sheephide":1,"tfc:food/potato":2,"waystones:waystone":1,"firmalife:beehive":1,"tfcorewashing:dirty_pile_copper":115,"tfc:stone/knife/metamorphic":1,"tfc:pumpkin":1,"tfc:rock/loose/dolomite":45,"tfc:mud/loam":17,"tfc:wood/twig/birch":17,"tfc:seeds/onion":5},"minecraft:custom":{"minecraft:mob_kills":4,"minecraft:interact_with_crafting_table":35,"minecraft:leave_game":7,"minecraft:time_since_death":296001,"minecraft:climb_one_cm":18200,"minecraft:sprint_one_cm":628688,"minecraft:walk_one_cm":1394221,"minecraft:drop":123,"minecraft:play_time":435989,"minecraft:deaths":10,"minecraft:sneak_time":36471,"minecraft:walk_under_water_one_cm":95988,"minecraft:jump":2463,"minecraft:walk_on_water_one_cm":34875,"minecraft:total_world_time":435989,"minecraft:time_since_rest":296023,"minecraft:waystone_activated":2,"minecraft:damage_taken":1102,"minecraft:damage_dealt":1250,"minecraft:swim_one_cm":4213,"minecraft:fly_one_cm":191033,"minecraft:open_chest":190,"minecraft:crouch_one_cm":56932,"minecraft:fall_one_cm":17664},"minecraft:mined":{"tfc:mud/loam":13,"tfc:plant/primrose":6,"tfc:plant/houstonia":3,"tfc:rock/raw/marble":8,"tfc:plant/orchard_grass":40,"tfc:dirt/loam":5,"tfc:plant/tall_fescue_grass":119,"tfc:ore/rich_native_copper/basalt":29,"tfc:ore/normal_native_copper/basalt":50,"dttfc:birch_undergrowth_leaves":2,"firmalife:beehive":1,"tfc:dirt/silty_loam":6,"butchersdelight:deadsheepblock":2,"minecraft:ladder":1,"tfc:grass/silty_loam":2,"tfc:clay_grass/loam":10,"tfc:wall_torch":5,"dttfc:birch_leaves":29,"tfc:ore/small_native_copper":8,"tfc:wild_crop/beet":3,"tfc:rock/gravel/basalt":27,"tfc:wood/twig/maple":3,"tfc:groundcover/stick":3,"tfc:plant/oxeye_daisy":1,"tfc:plant/tulip_orange":12,"tfc:wild_crop/potato":2,"firmalife:wood/hanger/birch":1,"tfc:rock/cobble/marble":10,"minecraft:fire":29,"tfc:rock/loose/marble":15,"tfc:plant/timothy_grass":17,"tfc:plant/trillium":1,"tfc:plant/switchgrass":84,"tfc:plant/foxglove":2,"tfc:rock/loose/andesite":1,"tfc:plant/goldenrod":1,"tfc:wild_crop/barley":6,"tfc:pumpkin":1,"tfc:clay_grass/silty_loam":23,"tfc:ore/poor_native_copper/basalt":21,"tfc:wood/log/birch":5,"tfc:plant/tulip_red":28,"dttfc:chestnut_leaves":4,"tfc:wood/leaves/birch":23,"tfc:plant/ryegrass":82,"tfc:rock/raw/basalt":97,"tfc:plant/scutch_grass":34,"tfc:grass/loam":8,"tfc:plant/dandelion":18,"tfc:placed_item":12,"tfc:wild_crop/onion":5,"tfc:torch":19,"tfc:wood/fallen_leaves/chestnut":1,"tfc:wood/fallen_leaves/birch":1,"tfc:wood/vertical_support/birch":7,"tfc:log_pile":5,"tfc:rock/cobble/basalt":5,"tfc:plant/moss":3,"tfc:wood/twig/chestnut":3,"tfc:wood/twig/birch":17,"tfc:wild_crop/rye":1,"tfc:rock/gravel/marble":9,"choppingblock:chopping_block":1,"tfc:mud/silty_loam":8,"exnihilosequentia:infested_leaves":8},"minecraft:used":{"tfc:food/barley":7,"tfc:plant/foxglove":1,"tfc:rock/loose/andesite":1,"tfc:seeds/barley":6,"tfc:quern":1,"tfc:dirt/loam":7,"tfc:food/onion":6,"tfc:wood/support/birch":32,"minecraft:ladder":32,"tfc:plant/dandelion":18,"tfc:sand/red":2,"tfc:food/cooked_rabbit":1,"minecraft:stick":3,"tfc:metal/saw/copper":24,"firmalife:beehive":2,"tfc:plant/tulip_red":26,"tfc:food/cooked_wolf":4,"tfc:wood/leaves/birch":26,"tfc:ore/small_native_copper":1,"tfc:mud/silty_loam":4,"exnihilosequentia:wooden_crook":34,"tfc:rock/raw/marble":1,"tfc:stone/hoe/metamorphic":6,"tfc:rock/gravel/marble":1,"tfc:rock/cobble/basalt":15,"tfc:rock/loose/marble":1,"tfc:metal/propick/copper":226,"tfc:food/cooked_mutton":12,"dttfc:chestnut_seed":2,"tfc:wood/chest/birch":4,"tfc:wood/sluice/birch":3,"tfc:wood/planks/birch":1,"tfc:pan/filled":130,"tfc:plant/tulip_orange":9,"tfc:wood/planks/birch_workbench":1,"choppingblock:chopping_block":1,"tfc:wattle":16,"firmalife:wood/hanger/birch":2,"tfc:food/rye":2,"tfc:stone/shovel/metamorphic":83,"tfc:dead_torch":2,"tfc:stone/javelin/metamorphic":160,"htm:flint_shears":27,"tfc:wood/log/birch":19,"tfc:stone/knife/metamorphic":108,"tfc:plant/houstonia":3,"tfc:mud/loam":1,"dttfc:birch_seed":18,"tfc:wood/planks/birch_tool_rack":1,"tfc:plant/dry_phragmite":2,"tfc:stone/axe/metamorphic":16,"waystones:waystone":1,"tfc:metal/pickaxe/copper":227,"tfc:food/beet":7,"tfc:food/potato":2,"tfc:pan/empty":260,"tfc:plant/primrose":5,"tfc:wood/barrel/birch":1,"tfc:torch":26,"tfc:firestarter":38,"tfc:stone/hoe/igneous_extrusive":63,"exnihilosequentia:silkworm":12,"minecraft:air":16,"tfc:rock/gravel/basalt":5},"minecraft:killed":{"tfc:wolf":2,"tfc:rabbit":2},"minecraft:crafted":{"htm:flint_shears":1,"tfc:rock/cobble/basalt":46,"butchersdelight:deadsheep":2,"tfc:metal/chisel/copper":1,"firmalife:beehive":1,"tfc:wood/planks/birch_tool_rack":1,"farmersdelight:canvas":4,"akashictome:tome":1,"htm:plant_string":9,"tfc:wood/chest/birch":4,"tfc:sand/red":10,"tfc:stick_bundle":8,"firmalife:wood/hanger/birch":1,"tfc:food/mutton":12,"htm:flint_scrap":12,"waterstrainer:string_mesh":2,"minecraft:ladder":39,"tfc:handstone":1,"tfc:thatch":1,"tfc:stone/hoe/igneous_extrusive":1,"htm:flint_sharped":6,"tfc:wood/sluice/birch":2,"tfc:wattle":48,"exnihilosequentia:wooden_crook":1,"tfc:dead_torch":4,"chiselsandbits:chisel_stone":1,"firmalife:beehive_frame":2,"tfc:stone/hoe/metamorphic":1,"tfc:rock/cobble/andesite":10,"tfc:stone/javelin/metamorphic":5,"tfcorewashing:rocky_chunks_copper":240,"tfc:metal/propick_head/copper":1,"tfc:quern":1,"tfc:wood/planks/birch_workbench":1,"tfc:metal/propick/copper":1,"tfc:metal/chisel_head/copper":1,"tfc:wood/barrel/birch":1,"tfc:rock/smooth/marble":2,"tfcorewashing:dirty_dust_copper":13,"tfc:wood/lumber/birch":104,"minecraft:stick":17,"tfc:stone/shovel/metamorphic":2,"tfc:firestarter":2,"tfc:stone/hammer/metamorphic":1,"tfc:metal/saw_blade/copper":1,"tfc:stone/knife/metamorphic":2,"tfc:metal/pickaxe/copper":1,"tfc:metal/pickaxe_head/copper":1,"tfc:wood/planks/birch":9,"tfc:stone/axe/metamorphic":5,"tfc:stick_bunch":17,"tfc:metal/saw/copper":1},"minecraft:killed_by":{"tfc:wolf":8},"minecraft:dropped":{"dttfc:chestnut_seed":2,"tfc:pumpkin":1,"tfc:seeds/rye":1,"tfc:rock/loose/marble":12,"tfc:stone/knife_head/metamorphic":1,"tfc:wood/log/birch":3,"tfc:straw":36,"tfc:pan/empty":2,"tfcorewashing:dirty_pile_copper":56,"tfcorewashing:dirty_dust_copper":185,"tfcorewashing:chunks_copper":1,"tfc:mud/silty_loam":9,"tfc:rock/cobble/andesite":20,"dttfc:birch_seed":10,"minecraft:stick":27,"minecraft:flint":3,"tfc:mud/loam":11,"tfc:seeds/beet":1,"minecraft:gold_nugget":2,"tfcorewashing:copper_powder":4,"tfc:rock/gravel/basalt":11,"tfc:rock/loose/basalt":33,"ftbquests:book":1,"tfc:firestarter":1,"minecraft:bone":12,"tfc:rock/loose/dolomite":38,"tfc:food/onion":3,"tfc:food/barley":4,"tfc:dirt/silty_loam":2,"tfc:torch":1,"tfc:metal/propick/copper":1,"tfc:ceramic/jug":1,"tfc:dirt/loam":1,"tfc:rock/loose/andesite":73,"htm:flint_scrap":4,"tfcorewashing:rocky_chunks_copper":240,"tfcorewashing:pile_red_sand":9,"tfc:rock/gravel/marble":4,"tfc:ceramic/vessel":1,"tfc:wood/fallen_leaves/chestnut":1}},"DataVersion":2975}