{"stats":{"minecraft:picked_up":{"tfc:food/beet":10,"tfc:plant/dandelion":1,"minecraft:stick":49,"tfc:wood/fallen_leaves/pine":2,"tfc:wood/log/birch":11,"tfc:rock/loose/gabbro":8,"tfc:rock/loose/diorite":8,"tfc:dirt/loam":4,"tfc:seeds/beet":6,"dttfc:birch_seed":1,"tfc:plant/perovskia":3,"tfc:food/rye":3,"tfc:seeds/rye":2,"tfc:straw":43,"dttfc:chestnut_seed":4,"tfc:wood/log/chestnut":20,"tfc:wood/twig/spruce":2,"tfc:wood/fallen_leaves/birch":1,"tfc:torch":1,"tfc:stone/shovel/igneous_intrusive":1,"tfc:wood/twig/birch":11},"minecraft:crafted":{"tfc:stone/axe/igneous_intrusive":3,"minecraft:stick":14,"farmersdelight:canvas":2,"tfc:thatch":1,"tfc:firestarter":3,"tfc:stone/shovel/igneous_intrusive":2,"htm:plant_string":2,"tfc:dead_torch":2,"tfc:stone/knife/igneous_intrusive":3},"minecraft:mined":{"tfc:wild_crop/beet":6,"tfc:rock/loose/gabbro":5,"tfc:wood/fallen_leaves/birch":2,"tfc:wood/twig/spruce":2,"tfc:rock/loose/diorite":10,"minecraft:fire":5,"tfc:dirt/loam":13,"tfc:plant/orchard_grass":11,"tfc:wood/twig/birch":12,"tfc:plant/bluegrass":6,"tfc:plant/switchgrass":23,"tfc:plant/ryegrass":33,"tfc:wild_crop/rye":2,"tfc:plant/perovskia":3,"tfc:grass/loam":10,"tfc:plant/goldenrod":2,"tfc:plant/dandelion":2,"tfc:plant/sword_fern":1,"tfc:torch":1,"tfc:wood/fallen_leaves/pine":1,"tfc:plant/butterfly_milkweed":1},"minecraft:custom":{"minecraft:time_since_rest":21191,"minecraft:damage_taken":448,"minecraft:sprint_one_cm":215033,"minecraft:walk_one_cm":80840,"minecraft:drop":83,"minecraft:swim_one_cm":3426,"minecraft:fly_one_cm":186529,"minecraft:crouch_one_cm":9126,"minecraft:play_time":72875,"minecraft:deaths":3,"minecraft:sneak_time":2464,"minecraft:walk_under_water_one_cm":804,"minecraft:jump":810,"minecraft:leave_game":6,"minecraft:time_since_death":21115,"minecraft:walk_on_water_one_cm":1343,"minecraft:total_world_time":72875,"minecraft:climb_one_cm":235,"minecraft:fall_one_cm":22310},"minecraft:used":{"tfc:rock/loose/diorite":2,"tfc:stone/shovel/igneous_intrusive":27,"tfc:food/rye":2,"tfc:dead_torch":1,"tfc:wood/log/birch":3,"tfc_ie_addon:ore/small_lead":1,"tfc:firestarter":17,"tfc:stone/knife/igneous_intrusive":40,"tfc:stone/axe/igneous_intrusive":3,"tfc:wood/twig/birch":1},"minecraft:dropped":{"dttfc:chestnut_seed":4,"tfc:stone/shovel/igneous_intrusive":1,"tfc:wood/log/chestnut":5,"tfc:rock/loose/diorite":1,"tfc:plant/dandelion":1,"tfc:wood/log/birch":2,"tfc:straw":28,"tfc:wood/fallen_leaves/birch":1,"tfc:stone/knife_head/igneous_intrusive":1,"tfc:wood/fallen_leaves/pine":2,"ftbquests:book":1,"tfc:plant/perovskia":3,"minecraft:stick":35,"dttfc:birch_seed":1},"minecraft:killed_by":{"untamedwilds:big_cat":1}},"DataVersion":2975}