{"stats":{"minecraft:picked_up":{"minecraft:stick":35,"tfc:wood/log/birch":12,"tfc:rock/loose/marble":10,"tfc:food/onion":9,"minecraft:clay_ball":47,"tfc:dirt/loam":2,"tfc:wood/twig/maple":2,"tfc:plant/primrose":1,"dttfc:birch_seed":4,"tfc:plant/dry_phragmite":2,"tfc:straw":60,"tfc:wood/fallen_leaves/chestnut":1,"tfc:wood/log/chestnut":35,"tfc:wood/twig/chestnut":1,"tfc:dirt/silty_loam":2,"ftbquests:book":1,"tfc:stone/knife_head/metamorphic":1,"tfc:pumpkin":1,"tfc:torch":1,"tfc:seeds/onion":5},"minecraft:killed":{"tfc:rabbit":1},"minecraft:mined":{"tfc:wood/twig/maple":2,"tfc:groundcover/stick":1,"tfc:plant/primrose":2,"tfc:plant/tulip_red":1,"minecraft:fire":1,"tfc:plant/tall_fescue_grass":3,"tfc:plant/orchard_grass":5,"tfc:rock/loose/marble":4,"tfc:wood/twig/chestnut":2,"tfc:grass/silty_loam":1,"tfc:plant/switchgrass":6,"tfc:plant/ryegrass":7,"tfc:grass/loam":2,"tfc:pumpkin":1,"tfc:placed_item":1,"tfc:wild_crop/onion":5,"tfc:torch":1,"tfc:wood/fallen_leaves/chestnut":1,"tfc:clay_grass/silty_loam":23},"minecraft:crafted":{"tfc:stone/javelin/metamorphic":1,"minecraft:stick":3,"farmersdelight:canvas":2,"tfc:stone/shovel/metamorphic":1,"tfc:firestarter":1,"tfc:stone/knife/metamorphic":1,"htm:plant_string":2,"tfc:stone/axe/metamorphic":1,"tfc:dead_torch":2},"minecraft:used":{"tfc:stone/axe/metamorphic":4,"tfc:food/onion":4,"tfc:stone/shovel/metamorphic":26,"tfc:stone/javelin/metamorphic":1,"minecraft:stick":1,"tfc:torch":1,"tfc:stone/knife/metamorphic":16,"dttfc:birch_seed":3,"tfc:firestarter":2,"minecraft:air":2,"tfc:plant/dry_phragmite":2},"minecraft:custom":{"minecraft:time_since_rest":35661,"minecraft:waystone_activated":1,"minecraft:sprint_one_cm":61040,"minecraft:damage_taken":146,"minecraft:walk_one_cm":129033,"minecraft:mob_kills":1,"minecraft:drop":38,"minecraft:damage_dealt":30,"minecraft:fly_one_cm":42797,"minecraft:crouch_one_cm":6466,"minecraft:play_time":35661,"minecraft:walk_under_water_one_cm":117,"minecraft:sneak_time":2082,"minecraft:jump":455,"minecraft:walk_on_water_one_cm":1502,"minecraft:time_since_death":35661,"minecraft:total_world_time":35661,"minecraft:fall_one_cm":4180},"minecraft:dropped":{"tfc:pumpkin":1,"tfc:rock/loose/marble":3,"tfc:stone/knife_head/metamorphic":1,"tfc:wood/log/birch":2,"tfc:torch":1,"tfc:straw":35,"tfc:dirt/loam":1,"tfc:food/onion":3,"tfc:dirt/silty_loam":2,"ftbquests:book":1,"tfc:wood/fallen_leaves/chestnut":1,"dttfc:birch_seed":1,"minecraft:stick":6}},"DataVersion":2975}