{"stats":{"minecraft:used":{"tfc:food/barley":7,"tfc:wood/chest/birch":2,"tfc:seeds/barley":6,"tfc:pan/filled":95,"tfc:wood/planks/birch_workbench":1,"tfc:wood/support/birch":1,"tfc:dirt/loam":2,"tfc:food/onion":6,"tfc:stone/shovel/metamorphic":28,"tfc:dead_torch":2,"tfc:stone/javelin/metamorphic":160,"tfc:food/cooked_rabbit":1,"minecraft:stick":1,"htm:flint_shears":27,"tfc:wood/log/birch":9,"tfc:stone/knife/metamorphic":54,"tfc:mud/loam":1,"dttfc:birch_seed":6,"tfc:metal/saw/copper":2,"tfc:wood/planks/birch_tool_rack":1,"tfc:plant/dry_phragmite":2,"tfc:stone/axe/metamorphic":12,"waystones:waystone":1,"tfc:food/cooked_wolf":2,"tfc:wood/leaves/birch":26,"tfc:pan/empty":190,"exnihilosequentia:wooden_crook":11,"tfc:plant/primrose":1,"tfc:wood/barrel/birch":1,"tfc:torch":6,"tfc:firestarter":32,"tfc:stone/hoe/metamorphic":6,"minecraft:air":5},"minecraft:dropped":{"tfc:pumpkin":1,"tfc:rock/loose/marble":8,"tfc:stone/knife_head/metamorphic":1,"tfc:wood/log/birch":2,"tfc:straw":35,"tfc:pan/empty":2,"tfc:food/onion":3,"tfc:dirt/silty_loam":2,"tfc:food/barley":4,"dttfc:birch_seed":3,"minecraft:stick":18,"tfc:metal/propick/copper":1,"tfc:torch":1,"tfc:dirt/loam":1,"tfc:ceramic/jug":1,"minecraft:gold_nugget":2,"tfcorewashing:copper_powder":4,"htm:flint_scrap":4,"ftbquests:book":1,"tfc:wood/fallen_leaves/chestnut":1,"tfc:firestarter":1,"minecraft:bone":12},"minecraft:picked_up":{"tfc:wood/support/birch":37,"tfc:rock/loose/marble":29,"tfc:food/onion":9,"minecraft:clay_ball":49,"tfc:ceramic/unfired_bowl":2,"tfc:wood/twig/maple":2,"tfc:food/wolf":4,"tfc:small_raw_hide":1,"tfc:pan/empty":2,"tfc:straw":98,"tfc:food/barley":11,"tfc:ceramic/jug":1,"minecraft:bone":8,"tfc:wood/log/chestnut":35,"butchersdelight:deadrabbitbrown":1,"ftbquests:book":1,"tfc:dirt/silty_loam":2,"minecraft:gold_nugget":1,"minecraft:rabbit_hide":1,"minecraft:rabbit":1,"tfc:seeds/barley":6,"htm:plant_string":2,"tfcorewashing:copper_powder":10,"minecraft:stick":81,"tfc:wood/log/birch":91,"htm:flint_scrap":4,"tfc:dirt/loam":3,"exnihilosequentia:silkworm":1,"tfc:plant/primrose":1,"dttfc:birch_seed":11,"tfc:ceramic/pot":1,"tfc:plant/dry_phragmite":2,"minecraft:rabbit_foot":1,"tfc:wood/leaves/birch":26,"farmersdelight:canvas":1,"tfc:wood/fallen_leaves/chestnut":1,"tfc:wood/twig/chestnut":2,"waystones:waystone":1,"tfc:stone/knife_head/metamorphic":1,"tfc:pumpkin":1,"tfc:torch":7,"tfc:mud/loam":1,"tfc:wood/twig/birch":3,"tfc:seeds/onion":5},"minecraft:broken":{"tfc:stone/knife/metamorphic":1,"tfc:stone/axe/metamorphic":1},"minecraft:mined":{"tfc:wood/log/birch":1,"tfc:mud/loam":1,"tfc:plant/primrose":2,"tfc:plant/tulip_red":1,"tfc:plant/tall_fescue_grass":61,"tfc:plant/orchard_grass":18,"dttfc:birch_undergrowth_leaves":2,"dttfc:chestnut_leaves":4,"tfc:grass/silty_loam":1,"tfc:wood/leaves/birch":8,"tfc:plant/ryegrass":40,"tfc:grass/loam":3,"tfc:plant/scutch_grass":10,"tfc:wall_torch":1,"dttfc:birch_leaves":29,"tfc:placed_item":11,"tfc:wild_crop/onion":5,"tfc:torch":6,"tfc:wood/fallen_leaves/chestnut":1,"tfc:wood/twig/maple":2,"tfc:wood/vertical_support/birch":1,"tfc:groundcover/stick":1,"tfc:plant/oxeye_daisy":1,"tfc:log_pile":3,"minecraft:fire":29,"tfc:rock/loose/marble":14,"tfc:plant/timothy_grass":7,"tfc:wood/twig/chestnut":3,"tfc:wood/twig/birch":3,"tfc:plant/switchgrass":46,"tfc:plant/goldenrod":1,"tfc:wild_crop/barley":6,"tfc:pumpkin":1,"tfc:clay_grass/silty_loam":23},"minecraft:killed":{"tfc:rabbit":2,"tfc:wolf":2},"minecraft:killed_by":{"tfc:wolf":8},"minecraft:custom":{"minecraft:mob_kills":4,"minecraft:interact_with_crafting_table":11,"minecraft:leave_game":3,"minecraft:time_since_death":33161,"minecraft:climb_one_cm":510,"minecraft:time_since_rest":33183,"minecraft:waystone_activated":2,"minecraft:sprint_one_cm":284604,"minecraft:damage_taken":979,"minecraft:walk_one_cm":512200,"minecraft:drop":61,"minecraft:damage_dealt":1250,"minecraft:swim_one_cm":3347,"minecraft:fly_one_cm":131724,"minecraft:open_chest":23,"minecraft:crouch_one_cm":16637,"minecraft:play_time":173149,"minecraft:deaths":10,"minecraft:sneak_time":14181,"minecraft:walk_under_water_one_cm":77441,"minecraft:jump":1306,"minecraft:walk_on_water_one_cm":9452,"minecraft:total_world_time":173149,"minecraft:fall_one_cm":10928},"minecraft:crafted":{"htm:flint_shears":1,"tfc:stone/hoe/metamorphic":1,"tfc:stone/javelin/metamorphic":5,"tfc:wood/planks/birch_tool_rack":1,"farmersdelight:canvas":4,"tfc:metal/propick_head/copper":1,"akashictome:tome":1,"tfc:wood/chest/birch":2,"tfc:wood/planks/birch_workbench":1,"tfc:metal/propick/copper":1,"htm:plant_string":9,"tfc:wood/barrel/birch":1,"tfc:wood/lumber/birch":72,"htm:flint_scrap":12,"htm:flint_sharped":6,"minecraft:stick":16,"tfc:stone/shovel/metamorphic":1,"tfc:firestarter":2,"tfc:metal/saw_blade/copper":1,"tfc:stone/knife/metamorphic":1,"tfc:wood/planks/birch":9,"tfc:metal/pickaxe_head/copper":1,"tfc:metal/pickaxe/copper":1,"exnihilosequentia:wooden_crook":1,"tfc:stone/axe/metamorphic":3,"tfc:stick_bunch":4,"tfc:dead_torch":4,"tfc:metal/saw/copper":1}},"DataVersion":2975}