{"stats":{"minecraft:used":{"tfc:food/barley":28,"tfc:rock/loose/andesite":1,"tfc:quern":3,"minecraft:ladder":32,"tfc:plant/dandelion":18,"tfc:wood/support/birch":32,"tfc:metal/saw/copper":30,"firmalife:beehive":2,"tfc:wood/leaves/birch":26,"tfc:rock/loose/dolomite":2,"tfc:mud/silty_loam":4,"tfc:rock/raw/phyllite":3,"tfc:rock/raw/marble":4,"tfc:seeds/wheat":7,"tfc:rock/cobble/basalt":32,"tfc:plant/oxeye_daisy":2,"tfc:wood/sluice/birch":3,"tfc:rock/cobble/marble":1,"tfc:pan/filled":130,"tfc:plant/tulip_orange":9,"tfc:wattle":16,"firmalife:wood/hanger/birch":2,"tfc:dead_torch":2,"tfc:stone/javelin/metamorphic":160,"tfc:wood/planks/birch_tool_rack":1,"tfc:stone/axe/metamorphic":16,"waystones:waystone":1,"tfc:food/beet":7,"tfc:seeds/onion":11,"tfc:pan/empty":260,"tfc:plant/primrose":5,"tfc:wood/barrel/birch":4,"tfc:torch":43,"tfc:firestarter":56,"tfc:stone/hoe/igneous_extrusive":70,"exnihilosequentia:silkworm":20,"tfc:food/wheat":3,"minecraft:air":22,"tfc:plant/foxglove":1,"tfc:stone/hammer/sedimentary":1,"tfc:seeds/barley":21,"tfc:sand/red":2,"tfc:dirt/loam":16,"tfc:food/onion":7,"tfc:food/cooked_rabbit":1,"minecraft:stick":3,"tfc:plant/tulip_red":29,"tfc:food/cooked_wolf":4,"tfc:ore/small_native_copper":1,"tfc:stone/axe/igneous_extrusive":2,"exnihilosequentia:wooden_crook":44,"tfc:food/cooked_camelidae":3,"tfc:rock/gravel/marble":1,"tfc:stone/hoe/metamorphic":45,"tfc:rock/loose/marble":3,"tfc:food/cooked_mutton":12,"tfc:metal/propick/copper":226,"dttfc:chestnut_seed":2,"tfc:wood/chest/birch":5,"tfc:wood/planks/birch":1,"tfc:wood/planks/birch_workbench":1,"choppingblock:chopping_block":1,"tfc:stone/shovel/metamorphic":134,"tfc:food/rye":3,"tfc:stone/knife/igneous_extrusive":44,"tfc:seeds/rye":7,"htm:flint_shears":27,"tfc:stone/knife/metamorphic":108,"tfc:wood/log/birch":19,"tfc:plant/houstonia":5,"tfc:mud/loam":1,"dttfc:birch_seed":18,"tfc:rock/raw/rhyolite":2,"tfc:plant/dry_phragmite":2,"tfc:metal/pickaxe/copper":257,"tfc:food/potato":2,"tfc:rock/gravel/basalt":5},"minecraft:dropped":{"tfc:rock/cobble/marble":5,"tfc:rock/loose/marble":14,"tfc:wood/log/birch":3,"tfc:pan/empty":2,"tfc:metal/pickaxe/copper":1,"tfc:seeds/rye":2,"tfcorewashing:dirty_pile_copper":59,"tfc:mud/silty_loam":9,"dttfc:birch_seed":10,"minecraft:flint":3,"tfc:mud/loam":13,"tfc:seeds/beet":1,"tfc:ore/poor_native_copper":1,"minecraft:gold_nugget":2,"tfc:metal/ingot/copper":3,"tfc:stone/hoe/metamorphic":1,"ftbquests:book":1,"minecraft:bone":14,"tfc:seeds/onion":9,"tfc:plant/sword_fern":2,"tfc:food/barley":4,"tfc:metal/propick/copper":1,"kubejs:crumbled_rock":2,"tfc:ceramic/jug":1,"tfc:stone/hammer/metamorphic":1,"tfc:rock/loose/andesite":139,"htm:flint_scrap":4,"tfc:ore/small_malachite":1,"tfc:rock/gravel/marble":4,"tfc:wood/fallen_leaves/chestnut":2,"dttfc:chestnut_seed":11,"tfc:pumpkin":1,"tfc:stone/knife_head/metamorphic":1,"tfc:straw":37,"tfcorewashing:dirty_dust_copper":459,"tfcorewashing:chunks_copper":1,"tfc:rock/cobble/andesite":20,"minecraft:stick":42,"tfcorewashing:copper_powder":4,"tfc:rock/gravel/basalt":11,"tfc:rock/loose/basalt":33,"minecraft:string":1,"tfc:firestarter":1,"tfc:rock/loose/dolomite":59,"minecraft:clay_ball":1,"tfc:food/onion":3,"tfc:dirt/silty_loam":2,"tfc:ceramic/ingot_mold":1,"tfc:rock/loose/rhyolite":3,"tfc:torch":1,"tfc:dirt/loam":1,"tfcorewashing:rocky_chunks_copper":519,"tfcorewashing:pile_red_sand":9,"tfc:ceramic/vessel":1},"minecraft:picked_up":{"tfc:wood/support/birch":112,"tfc:rock/cobble/andesite":10,"tfc:pan/empty":2,"tfc:small_raw_hide":1,"tfc:seeds/rye":9,"minecraft:string":23,"tfc:rock/cobble/basalt":1,"tfc:rock/gravel/basalt":22,"kubejs:crumbled_rock":5,"minecraft:gold_nugget":1,"tfc:metal/ingot/copper":7,"tfc:seeds/barley":22,"minecraft:stick":342,"htm:flint_scrap":4,"tfc:food/wheat":12,"htm:flint_shears":1,"tfc:rock/loose/rhyolite":6,"tfc:plant/dry_phragmite":2,"minecraft:rabbit_foot":1,"tfc:plant/houstonia":5,"farmersdelight:canvas":2,"tfc:ceramic/bowl":2,"dttfc:chestnut_seed":25,"tfc:ore/topaz":1,"tfc:stone/knife_head/metamorphic":2,"tfc:torch":40,"tfc:rock/gravel/marble":10,"tfc:food/onion":21,"tfcorewashing:chunks_copper":433,"tfc:plant/oxeye_daisy":2,"tfc:quern":2,"tfc:seeds/wheat":7,"minecraft:flint":7,"tfc:seeds/beet":4,"tfc:rock/cobble/marble":16,"tfc:wood/sluice/birch":1,"minecraft:bone":10,"tfc:ceramic/unfired_ingot_mold":11,"tfc:wood/log/chestnut":154,"tfc:large_raw_hide":1,"ftbquests:book":1,"tfc:plant/sword_fern":2,"tfc:ore/poor_native_copper":17,"tfc:seeds/potato":2,"minecraft:rabbit":1,"tfc:plant/tulip_orange":9,"htm:plant_string":2,"firstaid:plaster":3,"tfc:ceramic/vessel":1,"tfc:dirt/loam":22,"tfc:plant/primrose":5,"exnihilosequentia:silkworm":23,"tfc:mud/silty_loam":13,"waystones:waystone":1,"tfc:stone/knife/metamorphic":1,"tfc:ceramic/unfired_jug":1,"tfc:seeds/onion":24,"minecraft:charcoal":42,"tfc:rock/loose/phyllite":11,"minecraft:ladder":1,"minecraft:clay_ball":93,"tfc:wood/twig/maple":4,"tfc:food/barley":46,"tfc:rock/loose/andesite":325,"tfc:straw":156,"tfc:ceramic/jug":1,"butchersdelight:deadrabbitbrown":1,"tfc:plant/foxglove":1,"tfc:dirt/silty_loam":6,"tfc:metal/pickaxe/copper":1,"firmalife:wood/hanger/birch":1,"tfcorewashing:copper_powder":240,"tfc:ore/rich_native_copper":29,"tfc:wood/barrel/birch":3,"tfc:plant/dandelion":18,"tfc:ore/normal_native_copper":50,"tfc:rock/raw/marble":12,"tfcorewashing:dirty_dust_copper":44,"dttfc:birch_seed":36,"tfc:stone/hoe/metamorphic":1,"tfc:ceramic/pot":1,"tfc:rock/loose/basalt":280,"tfcorewashing:rocky_chunks_copper":119,"butchersdelight:deadsheep":3,"tfc:wood/twig/chestnut":5,"chiselsandbits:chisel_stone":1,"tfc:food/beet":7,"tfc:rock/loose/marble":75,"choppingblock:chopping_block":1,"tfc:ceramic/unfired_bowl":2,"tfc:food/wolf":4,"tfcorewashing:pile_red_sand":243,"minecraft:rabbit_hide":1,"tfc:wood/log/birch":203,"tfc:rock/raw/phyllite":1,"tfc:ore/small_native_copper":8,"tfc:plant/tulip_red":29,"tfc:blubber":3,"tfc:handstone":1,"tfc:food/rye":16,"tfc:wood/leaves/birch":26,"tfc:wood/fallen_leaves/chestnut":2,"butchersdelight:sheephide":1,"tfc:food/potato":2,"tfc:ceramic/ingot_mold":8,"firmalife:beehive":1,"tfcorewashing:dirty_pile_copper":194,"tfc:pumpkin":1,"tfc:rock/loose/dolomite":96,"tfc:mud/loam":28,"tfc:wood/twig/birch":26},"minecraft:broken":{"tfc:stone/hoe/igneous_extrusive":1,"tfc:stone/shovel/metamorphic":1,"tfc:stone/hammer/metamorphic":1,"tfc:stone/knife/metamorphic":2,"tfc:firestarter":2,"tfc:stone/axe/metamorphic":2},"minecraft:mined":{"tfc:mud/loam":24,"tfc:plant/houstonia":5,"tfc:wood/barrel/birch":3,"tfc:plant/orchard_grass":59,"tfc:ore/rich_native_copper/basalt":29,"dttfc:birch_undergrowth_leaves":2,"tfc:ore/normal_native_copper/basalt":50,"tfc:grass/silty_loam":3,"tfc:wall_torch":12,"tfc:rock/gravel/basalt":27,"tfc:groundcover/stick":3,"tfc:plant/oxeye_daisy":4,"tfc:wild_crop/potato":2,"minecraft:fire":31,"tfc:plant/trillium":1,"tfc:plant/switchgrass":108,"tfc:wild_crop/barley":15,"tfc:pumpkin":1,"tfc:clay_grass/silty_loam":32,"tfc:crop/barley":6,"tfc:rock/raw/basalt":97,"tfc:grass/loam":14,"tfc:plant/scutch_grass":35,"tfc:plant/dandelion":18,"tfc:plant/sword_fern":4,"tfc:rock/loose/dolomite":1,"tfc:wood/fallen_leaves/birch":1,"tfc:log_pile":5,"tfc:rock/anvil/rhyolite":1,"tfc:rock/cobble/basalt":5,"tfc:rock/gravel/marble":10,"choppingblock:chopping_block":1,"tfc:mud/silty_loam":8,"exnihilosequentia:infested_leaves":16,"tfc:crop/rye":1,"tfc:plant/primrose":6,"tfc:rock/raw/marble":13,"tfc:dirt/loam":6,"tfc:plant/tall_fescue_grass":135,"firmalife:beehive":1,"butchersdelight:deadsheepblock":2,"tfc:dirt/silty_loam":6,"minecraft:ladder":1,"tfc:clay_grass/loam":10,"dttfc:birch_leaves":31,"tfc:charcoal_pile":43,"tfc:ore/small_native_copper":8,"tfc:wild_crop/beet":3,"tfc:wood/twig/maple":4,"tfc:plant/tulip_orange":12,"firmalife:wood/hanger/birch":1,"tfc:rock/cobble/marble":26,"tfc:plant/timothy_grass":18,"tfc:rock/loose/marble":18,"tfc:quern":2,"tfc:plant/foxglove":2,"tfc:rock/loose/andesite":1,"tfc:plant/goldenrod":2,"tfc:ore/poor_native_copper/basalt":21,"tfc:wood/log/birch":5,"tfc:crop/wheat":1,"tfc:plant/tulip_red":31,"dttfc:chestnut_leaves":4,"tfc:wild_crop/wheat":6,"tfc:wood/leaves/birch":23,"tfc:plant/ryegrass":105,"tfc:placed_item":26,"tfc:wild_crop/onion":11,"tfc:torch":28,"tfc:rock/raw/phyllite":4,"tfc:wood/fallen_leaves/chestnut":2,"tfc:wood/vertical_support/birch":7,"tfc:plant/moss":3,"tfc:wood/twig/chestnut":6,"tfc:wood/twig/birch":26,"tfc:wild_crop/rye":8},"minecraft:killed":{"tfc:wolf":2,"tfc:rabbit":2},"minecraft:killed_by":{"minecraft:player":2,"tfc:wolf":8},"minecraft:custom":{"minecraft:interact_with_crafting_table":44,"minecraft:leave_game":16,"minecraft:time_since_death":109090,"minecraft:sprint_one_cm":915416,"minecraft:drop":187,"minecraft:play_time":709167,"minecraft:deaths":12,"minecraft:jump":3523,"minecraft:walk_on_water_one_cm":78599,"minecraft:waystone_activated":2,"minecraft:damage_dealt":1250,"minecraft:crouch_one_cm":79118,"minecraft:mob_kills":4,"minecraft:climb_one_cm":21057,"minecraft:walk_one_cm":2548402,"minecraft:sneak_time":46789,"minecraft:walk_under_water_one_cm":102220,"minecraft:total_world_time":709167,"minecraft:time_since_rest":109117,"minecraft:damage_taken":1735,"minecraft:swim_one_cm":4891,"minecraft:fly_one_cm":212896,"minecraft:open_chest":455,"minecraft:fall_one_cm":23909},"minecraft:crafted":{"htm:flint_shears":1,"tfc:rock/cobble/basalt":46,"tfc:metal/chisel/copper":1,"tfc:wood/planks/birch_tool_rack":1,"farmersdelight:canvas":4,"htm:plant_string":9,"tfc:wood/chest/birch":5,"firmalife:wood/hanger/birch":1,"tfc:stone/hammer/igneous_extrusive":1,"tfc:food/mutton":12,"tfc:handstone":2,"tfc:thatch":1,"tfc:stone/knife/igneous_extrusive":1,"htm:flint_sharped":6,"tfc:wattle":48,"tfc:daub":4,"chiselsandbits:chisel_stone":1,"firmalife:beehive_frame":4,"tfc:rock/cobble/andesite":10,"tfcorewashing:rocky_chunks_copper":400,"tfc:quern":1,"tfc:wood/planks/birch_workbench":1,"tfc:metal/chisel_head/copper":1,"tfc:wood/barrel/birch":1,"tfc:rock/smooth/marble":2,"tfc:wood/lumber/birch":120,"minecraft:stick":22,"tfc:stone/shovel/metamorphic":3,"tfc:stone/hammer/metamorphic":2,"tfc:stone/knife/metamorphic":2,"tfc:stone/axe/igneous_extrusive":1,"butchersdelight:deadsheep":2,"firmalife:beehive":1,"akashictome:tome":1,"tfc:sand/red":10,"tfc:stick_bundle":8,"htm:flint_scrap":12,"waterstrainer:string_mesh":4,"minecraft:ladder":39,"tfc:stone/hoe/igneous_extrusive":1,"tfc:wood/sluice/birch":2,"exnihilosequentia:wooden_crook":1,"tfc:dead_torch":4,"tfc:stone/hoe/metamorphic":2,"tfc:stone/javelin/metamorphic":5,"tfc:metal/propick_head/copper":1,"tfc:stone/hammer/sedimentary":1,"tfc:metal/propick/copper":1,"tfcorewashing:dirty_dust_copper":34,"tfc:firestarter":4,"tfc:metal/saw_blade/copper":1,"tfc:metal/pickaxe/copper":1,"tfc:metal/pickaxe_head/copper":1,"tfc:powder/flux":4,"tfc:wood/planks/birch":9,"tfc:stone/axe/metamorphic":5,"tfc:stick_bunch":17,"tfc:metal/saw/copper":1}},"DataVersion":2975}