{"stats":{"minecraft:used":{"tfc:food/barley":7,"tfc:wood/chest/birch":2,"tfc:seeds/barley":6,"tfc:pan/filled":95,"tfc:wood/planks/birch_workbench":1,"tfc:wood/support/birch":1,"tfc:dirt/loam":2,"tfc:food/onion":6,"tfc:stone/shovel/metamorphic":28,"tfc:stone/javelin/metamorphic":160,"tfc:food/cooked_rabbit":1,"minecraft:stick":1,"tfc:wood/log/birch":9,"tfc:stone/knife/metamorphic":25,"tfc:mud/loam":1,"dttfc:birch_seed":5,"tfc:metal/saw/copper":2,"tfc:wood/planks/birch_tool_rack":1,"tfc:plant/dry_phragmite":2,"tfc:stone/axe/metamorphic":12,"waystones:waystone":1,"tfc:pan/empty":190,"tfc:plant/primrose":1,"tfc:wood/barrel/birch":1,"tfc:torch":6,"tfc:firestarter":24,"tfc:stone/hoe/metamorphic":6,"minecraft:air":5},"minecraft:dropped":{"tfc:pumpkin":1,"tfc:rock/loose/marble":8,"tfc:stone/knife_head/metamorphic":1,"tfc:wood/log/birch":2,"tfc:straw":35,"tfc:pan/empty":2,"tfc:food/onion":3,"tfc:dirt/silty_loam":2,"tfc:food/barley":4,"dttfc:birch_seed":3,"minecraft:stick":13,"tfc:metal/propick/copper":1,"tfc:torch":1,"tfc:dirt/loam":1,"tfc:ceramic/jug":1,"minecraft:gold_nugget":2,"tfcorewashing:copper_powder":4,"ftbquests:book":1,"tfc:wood/fallen_leaves/chestnut":1,"tfc:firestarter":1,"minecraft:bone":6},"minecraft:picked_up":{"tfc:wood/support/birch":27,"tfc:rock/loose/marble":29,"tfc:food/onion":9,"minecraft:clay_ball":49,"tfc:ceramic/unfired_bowl":2,"tfc:wood/twig/maple":2,"tfc:food/wolf":4,"tfc:small_raw_hide":1,"tfc:pan/empty":2,"tfc:straw":72,"tfc:food/barley":11,"tfc:ceramic/jug":1,"minecraft:bone":8,"tfc:wood/log/chestnut":35,"butchersdelight:deadrabbitbrown":1,"ftbquests:book":1,"tfc:dirt/silty_loam":2,"minecraft:gold_nugget":1,"minecraft:rabbit_hide":1,"minecraft:rabbit":1,"tfc:seeds/barley":6,"tfcorewashing:copper_powder":10,"minecraft:stick":71,"tfc:wood/log/birch":91,"tfc:dirt/loam":3,"tfc:plant/primrose":1,"dttfc:birch_seed":10,"tfc:ceramic/pot":1,"tfc:plant/dry_phragmite":2,"minecraft:rabbit_foot":1,"tfc:wood/fallen_leaves/chestnut":1,"tfc:wood/twig/chestnut":2,"waystones:waystone":1,"tfc:stone/knife_head/metamorphic":1,"tfc:pumpkin":1,"tfc:torch":5,"tfc:mud/loam":1,"tfc:wood/twig/birch":3,"tfc:seeds/onion":5},"minecraft:mined":{"tfc:wood/log/birch":1,"tfc:mud/loam":1,"tfc:plant/primrose":2,"tfc:plant/tulip_red":1,"tfc:plant/tall_fescue_grass":51,"tfc:plant/orchard_grass":8,"dttfc:chestnut_leaves":4,"tfc:grass/silty_loam":1,"tfc:plant/ryegrass":29,"tfc:grass/loam":3,"tfc:plant/scutch_grass":10,"tfc:wall_torch":1,"tfc:placed_item":9,"tfc:wild_crop/onion":5,"tfc:torch":4,"tfc:wood/fallen_leaves/chestnut":1,"tfc:wood/twig/maple":2,"tfc:wood/vertical_support/birch":1,"tfc:groundcover/stick":1,"tfc:plant/oxeye_daisy":1,"tfc:log_pile":3,"minecraft:fire":29,"tfc:rock/loose/marble":14,"tfc:plant/timothy_grass":7,"tfc:wood/twig/chestnut":3,"tfc:wood/twig/birch":3,"tfc:plant/switchgrass":38,"tfc:plant/goldenrod":1,"tfc:wild_crop/barley":6,"tfc:pumpkin":1,"tfc:clay_grass/silty_loam":23},"minecraft:killed":{"tfc:rabbit":2,"tfc:wolf":2},"minecraft:killed_by":{"tfc:wolf":8},"minecraft:custom":{"minecraft:mob_kills":4,"minecraft:interact_with_crafting_table":8,"minecraft:leave_game":3,"minecraft:time_since_death":16803,"minecraft:climb_one_cm":510,"minecraft:time_since_rest":16825,"minecraft:waystone_activated":2,"minecraft:sprint_one_cm":264961,"minecraft:damage_taken":960,"minecraft:walk_one_cm":452977,"minecraft:drop":56,"minecraft:damage_dealt":1250,"minecraft:swim_one_cm":3347,"minecraft:fly_one_cm":124821,"minecraft:open_chest":2,"minecraft:crouch_one_cm":12844,"minecraft:play_time":156791,"minecraft:deaths":10,"minecraft:sneak_time":13120,"minecraft:walk_under_water_one_cm":77441,"minecraft:jump":1209,"minecraft:walk_on_water_one_cm":9452,"minecraft:total_world_time":156791,"minecraft:fall_one_cm":9883},"minecraft:crafted":{"tfc:stone/hoe/metamorphic":1,"tfc:stone/javelin/metamorphic":5,"tfc:wood/planks/birch_tool_rack":1,"farmersdelight:canvas":2,"tfc:metal/propick_head/copper":1,"akashictome:tome":1,"tfc:wood/chest/birch":2,"tfc:wood/planks/birch_workbench":1,"tfc:metal/propick/copper":1,"htm:plant_string":2,"tfc:wood/barrel/birch":1,"tfc:wood/lumber/birch":52,"htm:flint_scrap":4,"htm:flint_sharped":2,"minecraft:stick":7,"tfc:stone/shovel/metamorphic":1,"tfc:firestarter":2,"tfc:metal/saw_blade/copper":1,"tfc:stone/knife/metamorphic":1,"tfc:wood/planks/birch":4,"tfc:metal/pickaxe_head/copper":1,"tfc:metal/pickaxe/copper":1,"tfc:stone/axe/metamorphic":3,"tfc:stick_bunch":4,"tfc:dead_torch":2,"tfc:metal/saw/copper":1}},"DataVersion":2975}