{"stats":{"minecraft:crafted":{"htm:flint_shears":1,"tfc:rock/cobble/basalt":46,"butchersdelight:deadsheep":2,"tfc:metal/chisel/copper":1,"tfc:wood/planks/birch_tool_rack":1,"farmersdelight:canvas":4,"akashictome:tome":1,"htm:plant_string":9,"tfc:wood/chest/birch":4,"firmalife:wood/hanger/birch":1,"tfc:stick_bundle":8,"tfc:food/mutton":12,"htm:flint_scrap":12,"minecraft:ladder":39,"tfc:handstone":1,"htm:flint_sharped":6,"tfc:wood/sluice/birch":1,"tfc:wattle":48,"exnihilosequentia:wooden_crook":1,"tfc:dead_torch":4,"chiselsandbits:chisel_stone":1,"tfc:stone/hoe/metamorphic":1,"tfc:rock/cobble/andesite":10,"tfc:stone/javelin/metamorphic":5,"tfcorewashing:rocky_chunks_copper":48,"tfc:quern":1,"tfc:metal/propick_head/copper":1,"tfc:wood/planks/birch_workbench":1,"tfc:metal/propick/copper":1,"tfc:metal/chisel_head/copper":1,"tfc:wood/barrel/birch":1,"tfc:rock/smooth/marble":2,"tfc:wood/lumber/birch":88,"minecraft:stick":17,"tfc:stone/shovel/metamorphic":2,"tfc:firestarter":2,"tfc:stone/hammer/metamorphic":1,"tfc:metal/saw_blade/copper":1,"tfc:stone/knife/metamorphic":2,"tfc:metal/pickaxe_head/copper":1,"tfc:metal/pickaxe/copper":1,"tfc:wood/planks/birch":9,"tfc:stone/axe/metamorphic":5,"tfc:stick_bunch":17,"tfc:metal/saw/copper":1},"minecraft:killed_by":{"tfc:wolf":8},"minecraft:custom":{"minecraft:mob_kills":4,"minecraft:interact_with_crafting_table":23,"minecraft:leave_game":6,"minecraft:time_since_death":210990,"minecraft:climb_one_cm":18200,"minecraft:sprint_one_cm":512114,"minecraft:walk_one_cm":1113851,"minecraft:drop":95,"minecraft:play_time":350978,"minecraft:deaths":10,"minecraft:sneak_time":33822,"minecraft:walk_under_water_one_cm":95929,"minecraft:jump":2126,"minecraft:walk_on_water_one_cm":23873,"minecraft:total_world_time":350978,"minecraft:time_since_rest":211012,"minecraft:waystone_activated":2,"minecraft:damage_taken":1086,"minecraft:damage_dealt":1250,"minecraft:swim_one_cm":4213,"minecraft:fly_one_cm":174439,"minecraft:open_chest":135,"minecraft:crouch_one_cm":51024,"minecraft:fall_one_cm":16410},"minecraft:mined":{"tfc:mud/loam":7,"tfc:plant/primrose":2,"tfc:rock/raw/marble":8,"tfc:dirt/loam":5,"tfc:plant/tall_fescue_grass":79,"tfc:plant/orchard_grass":35,"tfc:ore/rich_native_copper/basalt":29,"dttfc:birch_undergrowth_leaves":2,"tfc:ore/normal_native_copper/basalt":50,"tfc:dirt/silty_loam":6,"tfc:grass/silty_loam":2,"butchersdelight:deadsheepblock":2,"minecraft:ladder":1,"tfc:clay_grass/loam":10,"tfc:wall_torch":4,"dttfc:birch_leaves":29,"tfc:ore/small_native_copper":8,"tfc:rock/gravel/basalt":27,"tfc:wood/twig/maple":3,"tfc:groundcover/stick":3,"tfc:plant/oxeye_daisy":1,"tfc:wild_crop/potato":2,"tfc:plant/tulip_orange":1,"firmalife:wood/hanger/birch":1,"tfc:rock/cobble/marble":10,"minecraft:fire":29,"tfc:plant/timothy_grass":7,"tfc:rock/loose/marble":15,"tfc:plant/trillium":1,"tfc:plant/switchgrass":53,"tfc:rock/loose/andesite":1,"tfc:plant/goldenrod":1,"tfc:wild_crop/barley":6,"tfc:pumpkin":1,"tfc:clay_grass/silty_loam":23,"tfc:ore/poor_native_copper/basalt":21,"tfc:wood/log/birch":4,"tfc:plant/tulip_red":1,"dttfc:chestnut_leaves":4,"tfc:wood/leaves/birch":23,"tfc:plant/ryegrass":64,"tfc:rock/raw/basalt":97,"tfc:grass/loam":8,"tfc:plant/scutch_grass":14,"tfc:placed_item":12,"tfc:wild_crop/onion":5,"tfc:torch":19,"tfc:wood/fallen_leaves/chestnut":1,"tfc:wood/fallen_leaves/birch":1,"tfc:wood/vertical_support/birch":7,"tfc:log_pile":5,"tfc:rock/cobble/basalt":5,"tfc:plant/moss":3,"tfc:wood/twig/chestnut":3,"tfc:wood/twig/birch":6,"tfc:rock/gravel/marble":4,"choppingblock:chopping_block":1,"tfc:mud/silty_loam":4,"exnihilosequentia:infested_leaves":3},"minecraft:killed":{"tfc:wolf":2,"tfc:rabbit":2},"minecraft:picked_up":{"tfc:wood/support/birch":96,"minecraft:ladder":1,"minecraft:clay_ball":74,"tfc:rock/cobble/andesite":10,"tfc:wood/twig/maple":3,"tfc:rock/loose/andesite":59,"tfc:rock/cobble/basalt":1,"tfc:pan/empty":2,"tfc:small_raw_hide":1,"minecraft:string":5,"tfc:straw":131,"tfc:food/barley":11,"tfc:ceramic/jug":1,"tfc:rock/gravel/basalt":22,"butchersdelight:deadrabbitbrown":1,"minecraft:gold_nugget":1,"tfc:dirt/silty_loam":5,"tfc:seeds/barley":6,"firmalife:wood/hanger/birch":1,"tfcorewashing:copper_powder":34,"tfc:ore/rich_native_copper":29,"minecraft:stick":299,"tfc:ore/normal_native_copper":50,"htm:flint_scrap":4,"tfc:rock/raw/marble":7,"htm:flint_shears":1,"dttfc:birch_seed":36,"tfc:ceramic/pot":1,"tfc:plant/dry_phragmite":2,"minecraft:rabbit_foot":1,"farmersdelight:canvas":1,"tfc:rock/loose/basalt":280,"butchersdelight:deadsheep":3,"dttfc:chestnut_seed":14,"tfc:wood/twig/chestnut":2,"tfc:ore/topaz":1,"tfc:stone/knife_head/metamorphic":2,"chiselsandbits:chisel_stone":1,"tfc:torch":23,"tfc:rock/gravel/marble":3,"choppingblock:chopping_block":1,"tfc:rock/loose/marble":56,"tfc:food/onion":9,"tfcorewashing:chunks_copper":49,"tfc:ceramic/unfired_bowl":2,"minecraft:flint":6,"tfc:food/wolf":4,"tfc:rock/cobble/marble":10,"minecraft:bone":8,"tfc:wood/log/chestnut":100,"tfcorewashing:pile_red_sand":33,"minecraft:rabbit_hide":1,"ftbquests:book":1,"tfc:ore/poor_native_copper":16,"tfc:seeds/potato":2,"minecraft:rabbit":1,"htm:plant_string":2,"tfc:wood/log/birch":202,"tfc:ore/small_native_copper":8,"tfc:blubber":3,"tfc:ceramic/vessel":1,"tfc:dirt/loam":13,"tfc:plant/primrose":1,"exnihilosequentia:silkworm":8,"tfc:mud/silty_loam":3,"tfc:wood/leaves/birch":26,"tfc:wood/fallen_leaves/chestnut":1,"butchersdelight:sheephide":1,"tfc:food/potato":2,"waystones:waystone":1,"tfcorewashing:dirty_pile_copper":16,"tfc:stone/knife/metamorphic":1,"tfc:pumpkin":1,"tfc:rock/loose/dolomite":18,"tfc:mud/loam":6,"tfc:seeds/onion":5,"tfc:wood/twig/birch":6},"minecraft:dropped":{"dttfc:chestnut_seed":2,"tfc:pumpkin":1,"tfc:rock/loose/marble":12,"tfc:stone/knife_head/metamorphic":1,"tfc:wood/log/birch":3,"tfc:straw":35,"tfc:pan/empty":2,"tfcorewashing:dirty_pile_copper":2,"tfcorewashing:dirty_dust_copper":48,"tfcorewashing:chunks_copper":1,"tfc:rock/cobble/andesite":20,"dttfc:birch_seed":10,"minecraft:stick":27,"minecraft:flint":3,"minecraft:gold_nugget":2,"tfcorewashing:copper_powder":4,"tfc:rock/gravel/basalt":11,"tfc:rock/loose/basalt":33,"ftbquests:book":1,"tfc:firestarter":1,"minecraft:bone":12,"tfc:rock/loose/dolomite":18,"tfc:food/onion":3,"tfc:food/barley":4,"tfc:dirt/silty_loam":2,"tfc:torch":1,"tfc:metal/propick/copper":1,"tfc:ceramic/jug":1,"tfc:dirt/loam":1,"tfc:rock/loose/andesite":12,"htm:flint_scrap":4,"tfcorewashing:rocky_chunks_copper":48,"tfcorewashing:pile_red_sand":9,"tfc:ceramic/vessel":1,"tfc:wood/fallen_leaves/chestnut":1},"minecraft:used":{"tfc:food/barley":7,"tfc:rock/loose/andesite":1,"tfc:seeds/barley":6,"tfc:quern":1,"minecraft:ladder":32,"tfc:dirt/loam":7,"tfc:food/onion":6,"tfc:wood/support/birch":32,"tfc:food/cooked_rabbit":1,"minecraft:stick":3,"tfc:metal/saw/copper":23,"tfc:food/cooked_wolf":4,"tfc:wood/leaves/birch":26,"tfc:ore/small_native_copper":1,"tfc:mud/silty_loam":3,"exnihilosequentia:wooden_crook":29,"tfc:rock/raw/marble":1,"tfc:rock/cobble/basalt":15,"tfc:stone/hoe/metamorphic":6,"tfc:food/cooked_mutton":12,"tfc:metal/propick/copper":226,"dttfc:chestnut_seed":2,"tfc:wood/chest/birch":4,"tfc:wood/sluice/birch":1,"tfc:wood/planks/birch":1,"tfc:pan/filled":130,"tfc:wood/planks/birch_workbench":1,"choppingblock:chopping_block":1,"tfc:wattle":16,"firmalife:wood/hanger/birch":2,"tfc:stone/shovel/metamorphic":83,"tfc:dead_torch":2,"tfc:stone/javelin/metamorphic":160,"htm:flint_shears":27,"tfc:wood/log/birch":18,"tfc:stone/knife/metamorphic":99,"tfc:mud/loam":1,"dttfc:birch_seed":18,"tfc:wood/planks/birch_tool_rack":1,"tfc:plant/dry_phragmite":2,"tfc:stone/axe/metamorphic":16,"waystones:waystone":1,"tfc:metal/pickaxe/copper":227,"tfc:food/potato":2,"tfc:pan/empty":260,"tfc:plant/primrose":1,"tfc:wood/barrel/birch":1,"tfc:torch":23,"tfc:firestarter":38,"exnihilosequentia:silkworm":5,"minecraft:air":16,"tfc:rock/gravel/basalt":5},"minecraft:broken":{"tfc:stone/shovel/metamorphic":1,"tfc:stone/knife/metamorphic":1,"tfc:stone/axe/metamorphic":2}},"DataVersion":2975}