{"stats":{"minecraft:used":{"tfc:food/barley":24,"tfc:rock/loose/andesite":1,"tfc:quern":3,"minecraft:ladder":32,"tfc:plant/dandelion":18,"tfc:wood/support/birch":32,"tfc:metal/saw/copper":30,"firmalife:beehive":2,"tfc:wood/leaves/birch":26,"tfc:rock/loose/dolomite":2,"tfc:mud/silty_loam":4,"tfc:rock/raw/phyllite":3,"tfc:rock/raw/marble":4,"tfc:rock/cobble/basalt":32,"tfc:plant/oxeye_daisy":2,"tfc:wood/sluice/birch":3,"tfc:rock/cobble/marble":1,"tfc:pan/filled":130,"tfc:plant/tulip_orange":9,"tfc:wattle":16,"firmalife:wood/hanger/birch":2,"tfc:dead_torch":2,"tfc:stone/javelin/metamorphic":160,"tfc:wood/planks/birch_tool_rack":1,"tfc:stone/axe/metamorphic":16,"waystones:waystone":1,"tfc:food/beet":7,"tfc:seeds/onion":11,"tfc:pan/empty":260,"tfc:plant/primrose":5,"tfc:torch":41,"tfc:wood/barrel/birch":4,"tfc:firestarter":49,"tfc:stone/hoe/igneous_extrusive":70,"exnihilosequentia:silkworm":20,"minecraft:air":20,"tfc:plant/foxglove":1,"tfc:stone/hammer/sedimentary":1,"tfc:seeds/barley":15,"tfc:sand/red":2,"tfc:food/onion":7,"tfc:dirt/loam":16,"tfc:food/cooked_rabbit":1,"minecraft:stick":3,"tfc:plant/tulip_red":29,"tfc:food/cooked_wolf":4,"tfc:ore/small_native_copper":1,"tfc:stone/axe/igneous_extrusive":2,"exnihilosequentia:wooden_crook":44,"tfc:food/cooked_camelidae":1,"tfc:rock/gravel/marble":1,"tfc:stone/hoe/metamorphic":27,"tfc:rock/loose/marble":3,"tfc:food/cooked_mutton":12,"tfc:metal/propick/copper":226,"dttfc:chestnut_seed":2,"tfc:wood/chest/birch":4,"tfc:wood/planks/birch":1,"tfc:wood/planks/birch_workbench":1,"choppingblock:chopping_block":1,"tfc:stone/shovel/metamorphic":109,"tfc:food/rye":3,"htm:flint_shears":27,"tfc:stone/knife/metamorphic":108,"tfc:wood/log/birch":19,"tfc:plant/houstonia":5,"tfc:mud/loam":1,"dttfc:birch_seed":18,"tfc:rock/raw/rhyolite":2,"tfc:plant/dry_phragmite":2,"tfc:metal/pickaxe/copper":257,"tfc:food/potato":2,"tfc:rock/gravel/basalt":5},"minecraft:dropped":{"tfc:rock/cobble/marble":5,"tfc:rock/loose/marble":14,"tfc:wood/log/birch":3,"tfc:pan/empty":2,"tfc:metal/pickaxe/copper":1,"tfc:seeds/rye":2,"tfcorewashing:dirty_pile_copper":56,"tfc:mud/silty_loam":9,"dttfc:birch_seed":10,"minecraft:flint":3,"tfc:mud/loam":11,"tfc:seeds/beet":1,"tfc:ore/poor_native_copper":1,"minecraft:gold_nugget":2,"tfc:stone/hoe/metamorphic":1,"ftbquests:book":1,"minecraft:bone":14,"tfc:seeds/onion":9,"tfc:food/barley":4,"tfc:metal/propick/copper":1,"kubejs:crumbled_rock":2,"tfc:ceramic/jug":1,"tfc:stone/hammer/metamorphic":1,"tfc:rock/loose/andesite":139,"htm:flint_scrap":4,"tfc:ore/small_malachite":1,"tfc:rock/gravel/marble":4,"tfc:wood/fallen_leaves/chestnut":2,"dttfc:chestnut_seed":11,"tfc:pumpkin":1,"tfc:stone/knife_head/metamorphic":1,"tfc:straw":37,"tfcorewashing:dirty_dust_copper":336,"tfcorewashing:chunks_copper":1,"tfc:rock/cobble/andesite":20,"minecraft:stick":28,"tfcorewashing:copper_powder":4,"tfc:rock/gravel/basalt":11,"tfc:rock/loose/basalt":33,"minecraft:string":1,"tfc:firestarter":1,"tfc:rock/loose/dolomite":59,"tfc:food/onion":3,"tfc:dirt/silty_loam":2,"tfc:rock/loose/rhyolite":3,"tfc:torch":1,"tfc:dirt/loam":1,"tfcorewashing:rocky_chunks_copper":519,"tfcorewashing:pile_red_sand":9,"tfc:ceramic/vessel":1},"minecraft:picked_up":{"tfc:wood/support/birch":112,"tfc:rock/cobble/andesite":10,"tfc:pan/empty":2,"tfc:small_raw_hide":1,"tfc:seeds/rye":2,"minecraft:string":23,"tfc:rock/cobble/basalt":1,"tfc:rock/gravel/basalt":22,"kubejs:crumbled_rock":5,"minecraft:gold_nugget":1,"tfc:seeds/barley":15,"minecraft:stick":340,"htm:flint_scrap":4,"htm:flint_shears":1,"tfc:rock/loose/rhyolite":6,"minecraft:rabbit_foot":1,"tfc:plant/dry_phragmite":2,"tfc:plant/houstonia":5,"farmersdelight:canvas":2,"tfc:ceramic/bowl":2,"dttfc:chestnut_seed":25,"tfc:ore/topaz":1,"tfc:stone/knife_head/metamorphic":2,"tfc:torch":37,"tfc:rock/gravel/marble":10,"tfc:food/onion":21,"tfcorewashing:chunks_copper":433,"tfc:plant/oxeye_daisy":2,"tfc:quern":2,"minecraft:flint":7,"tfc:seeds/beet":4,"tfc:rock/cobble/marble":16,"tfc:wood/sluice/birch":1,"minecraft:bone":10,"tfc:wood/log/chestnut":145,"ftbquests:book":1,"tfc:large_raw_hide":1,"tfc:ore/poor_native_copper":17,"tfc:seeds/potato":2,"minecraft:rabbit":1,"tfc:plant/tulip_orange":9,"htm:plant_string":2,"firstaid:plaster":3,"tfc:ceramic/vessel":1,"tfc:dirt/loam":22,"tfc:plant/primrose":5,"exnihilosequentia:silkworm":23,"tfc:mud/silty_loam":13,"waystones:waystone":1,"tfc:stone/knife/metamorphic":1,"tfc:seeds/onion":24,"minecraft:charcoal":31,"tfc:rock/loose/phyllite":11,"minecraft:ladder":1,"minecraft:clay_ball":76,"tfc:wood/twig/maple":4,"tfc:food/barley":31,"tfc:rock/loose/andesite":325,"tfc:straw":136,"tfc:ceramic/jug":1,"butchersdelight:deadrabbitbrown":1,"tfc:plant/foxglove":1,"tfc:dirt/silty_loam":5,"tfc:metal/pickaxe/copper":1,"firmalife:wood/hanger/birch":1,"tfcorewashing:copper_powder":157,"tfc:ore/rich_native_copper":29,"tfc:wood/barrel/birch":3,"tfc:plant/dandelion":18,"tfc:ore/normal_native_copper":50,"tfc:rock/raw/marble":12,"tfcorewashing:dirty_dust_copper":30,"dttfc:birch_seed":36,"tfc:stone/hoe/metamorphic":1,"tfc:ceramic/pot":1,"tfc:rock/loose/basalt":280,"tfcorewashing:rocky_chunks_copper":119,"butchersdelight:deadsheep":3,"tfc:wood/twig/chestnut":5,"chiselsandbits:chisel_stone":1,"tfc:food/beet":7,"tfc:rock/loose/marble":75,"choppingblock:chopping_block":1,"tfc:ceramic/unfired_bowl":2,"tfc:food/wolf":4,"tfcorewashing:pile_red_sand":160,"minecraft:rabbit_hide":1,"tfc:wood/log/birch":203,"tfc:rock/raw/phyllite":1,"tfc:ore/small_native_copper":8,"tfc:plant/tulip_red":29,"tfc:blubber":3,"tfc:handstone":1,"tfc:food/rye":3,"tfc:wood/leaves/birch":26,"tfc:wood/fallen_leaves/chestnut":2,"butchersdelight:sheephide":1,"tfc:food/potato":2,"firmalife:beehive":1,"tfcorewashing:dirty_pile_copper":171,"tfc:pumpkin":1,"tfc:rock/loose/dolomite":96,"tfc:mud/loam":26,"tfc:wood/twig/birch":26},"minecraft:broken":{"tfc:stone/hoe/igneous_extrusive":1,"tfc:stone/shovel/metamorphic":1,"tfc:stone/hammer/metamorphic":1,"tfc:stone/knife/metamorphic":2,"tfc:firestarter":1,"tfc:stone/axe/metamorphic":2},"minecraft:mined":{"tfc:mud/loam":22,"tfc:plant/houstonia":5,"tfc:wood/barrel/birch":3,"tfc:plant/orchard_grass":41,"tfc:ore/rich_native_copper/basalt":29,"dttfc:birch_undergrowth_leaves":2,"tfc:ore/normal_native_copper/basalt":50,"tfc:grass/silty_loam":2,"tfc:wall_torch":12,"tfc:rock/gravel/basalt":27,"tfc:groundcover/stick":3,"tfc:plant/oxeye_daisy":4,"tfc:wild_crop/potato":2,"minecraft:fire":31,"tfc:plant/trillium":1,"tfc:plant/switchgrass":88,"tfc:wild_crop/barley":15,"tfc:pumpkin":1,"tfc:clay_grass/silty_loam":23,"tfc:rock/raw/basalt":97,"tfc:grass/loam":14,"tfc:plant/scutch_grass":34,"tfc:plant/dandelion":18,"tfc:plant/sword_fern":1,"tfc:rock/loose/dolomite":1,"tfc:wood/fallen_leaves/birch":1,"tfc:log_pile":5,"tfc:rock/anvil/rhyolite":1,"tfc:rock/cobble/basalt":5,"tfc:rock/gravel/marble":10,"choppingblock:chopping_block":1,"tfc:mud/silty_loam":8,"exnihilosequentia:infested_leaves":16,"tfc:plant/primrose":6,"tfc:rock/raw/marble":13,"tfc:dirt/loam":6,"tfc:plant/tall_fescue_grass":121,"firmalife:beehive":1,"butchersdelight:deadsheepblock":2,"tfc:dirt/silty_loam":6,"minecraft:ladder":1,"tfc:clay_grass/loam":10,"dttfc:birch_leaves":31,"tfc:charcoal_pile":32,"tfc:ore/small_native_copper":8,"tfc:wild_crop/beet":3,"tfc:wood/twig/maple":4,"firmalife:wood/hanger/birch":1,"tfc:plant/tulip_orange":12,"tfc:rock/cobble/marble":26,"tfc:plant/timothy_grass":18,"tfc:rock/loose/marble":18,"tfc:quern":2,"tfc:plant/foxglove":2,"tfc:rock/loose/andesite":1,"tfc:plant/goldenrod":1,"tfc:ore/poor_native_copper/basalt":21,"tfc:wood/log/birch":5,"tfc:plant/tulip_red":31,"dttfc:chestnut_leaves":4,"tfc:wood/leaves/birch":23,"tfc:plant/ryegrass":88,"tfc:placed_item":16,"tfc:wild_crop/onion":11,"tfc:torch":25,"tfc:rock/raw/phyllite":4,"tfc:wood/fallen_leaves/chestnut":2,"tfc:wood/vertical_support/birch":7,"tfc:plant/moss":3,"tfc:wood/twig/chestnut":6,"tfc:wood/twig/birch":26,"tfc:wild_crop/rye":2},"minecraft:killed":{"tfc:wolf":2,"tfc:rabbit":2},"minecraft:killed_by":{"minecraft:player":2,"tfc:wolf":8},"minecraft:custom":{"minecraft:interact_with_crafting_table":43,"minecraft:leave_game":15,"minecraft:time_since_death":20453,"minecraft:sprint_one_cm":827623,"minecraft:drop":163,"minecraft:play_time":620530,"minecraft:deaths":12,"minecraft:jump":3261,"minecraft:walk_on_water_one_cm":51464,"minecraft:waystone_activated":2,"minecraft:damage_dealt":1250,"minecraft:crouch_one_cm":72600,"minecraft:mob_kills":4,"minecraft:climb_one_cm":21057,"minecraft:walk_one_cm":2231580,"minecraft:sneak_time":42070,"minecraft:walk_under_water_one_cm":99681,"minecraft:total_world_time":620530,"minecraft:time_since_rest":20480,"minecraft:damage_taken":1554,"minecraft:swim_one_cm":4891,"minecraft:fly_one_cm":206853,"minecraft:open_chest":357,"minecraft:fall_one_cm":22864},"minecraft:crafted":{"htm:flint_shears":1,"tfc:rock/cobble/basalt":46,"tfc:metal/chisel/copper":1,"tfc:wood/planks/birch_tool_rack":1,"farmersdelight:canvas":4,"htm:plant_string":9,"tfc:wood/chest/birch":4,"firmalife:wood/hanger/birch":1,"tfc:food/mutton":12,"tfc:handstone":2,"tfc:thatch":1,"htm:flint_sharped":6,"tfc:wattle":48,"tfc:daub":4,"chiselsandbits:chisel_stone":1,"firmalife:beehive_frame":4,"tfc:rock/cobble/andesite":10,"tfcorewashing:rocky_chunks_copper":400,"tfc:quern":1,"tfc:wood/planks/birch_workbench":1,"tfc:metal/chisel_head/copper":1,"tfc:wood/barrel/birch":1,"tfc:rock/smooth/marble":2,"tfc:wood/lumber/birch":120,"minecraft:stick":22,"tfc:stone/shovel/metamorphic":3,"tfc:stone/hammer/metamorphic":2,"tfc:stone/knife/metamorphic":2,"tfc:stone/axe/igneous_extrusive":1,"butchersdelight:deadsheep":2,"firmalife:beehive":1,"akashictome:tome":1,"tfc:sand/red":10,"tfc:stick_bundle":8,"htm:flint_scrap":12,"waterstrainer:string_mesh":4,"minecraft:ladder":39,"tfc:stone/hoe/igneous_extrusive":1,"tfc:wood/sluice/birch":2,"exnihilosequentia:wooden_crook":1,"tfc:dead_torch":4,"tfc:stone/hoe/metamorphic":2,"tfc:stone/javelin/metamorphic":5,"tfc:metal/propick_head/copper":1,"tfc:stone/hammer/sedimentary":1,"tfc:metal/propick/copper":1,"tfcorewashing:dirty_dust_copper":26,"tfc:firestarter":3,"tfc:metal/saw_blade/copper":1,"tfc:metal/pickaxe/copper":1,"tfc:metal/pickaxe_head/copper":1,"tfc:wood/planks/birch":9,"tfc:stone/axe/metamorphic":5,"tfc:stick_bunch":17,"tfc:metal/saw/copper":1}},"DataVersion":2975}