{"stats":{"minecraft:crafted":{"htm:flint_shears":1,"tfc:rock/cobble/basalt":46,"butchersdelight:deadsheep":2,"tfc:metal/chisel/copper":1,"firmalife:beehive":1,"tfc:wood/planks/birch_tool_rack":1,"farmersdelight:canvas":4,"akashictome:tome":1,"htm:plant_string":9,"tfc:wood/chest/birch":4,"tfc:sand/red":10,"firmalife:wood/hanger/birch":1,"tfc:stick_bundle":8,"tfc:food/mutton":12,"htm:flint_scrap":12,"waterstrainer:string_mesh":4,"minecraft:ladder":39,"tfc:handstone":2,"tfc:thatch":1,"tfc:stone/hoe/igneous_extrusive":1,"htm:flint_sharped":6,"tfc:wood/sluice/birch":2,"tfc:wattle":48,"tfc:daub":4,"exnihilosequentia:wooden_crook":1,"tfc:dead_torch":4,"chiselsandbits:chisel_stone":1,"firmalife:beehive_frame":4,"tfc:stone/hoe/metamorphic":2,"tfc:rock/cobble/andesite":10,"tfc:stone/javelin/metamorphic":5,"tfcorewashing:rocky_chunks_copper":400,"tfc:metal/propick_head/copper":1,"tfc:quern":1,"tfc:wood/planks/birch_workbench":1,"tfc:metal/propick/copper":1,"tfc:metal/chisel_head/copper":1,"tfc:wood/barrel/birch":1,"tfc:rock/smooth/marble":2,"tfc:wood/lumber/birch":120,"tfcorewashing:dirty_dust_copper":26,"minecraft:stick":19,"tfc:stone/shovel/metamorphic":2,"tfc:firestarter":3,"tfc:stone/hammer/metamorphic":2,"tfc:metal/saw_blade/copper":1,"tfc:stone/knife/metamorphic":2,"tfc:metal/pickaxe/copper":1,"tfc:metal/pickaxe_head/copper":1,"tfc:wood/planks/birch":9,"tfc:stone/axe/metamorphic":5,"tfc:stick_bunch":17,"tfc:metal/saw/copper":1},"minecraft:custom":{"minecraft:mob_kills":4,"minecraft:interact_with_crafting_table":41,"minecraft:leave_game":11,"minecraft:time_since_death":9542,"minecraft:climb_one_cm":21057,"minecraft:sprint_one_cm":711147,"minecraft:walk_one_cm":2038664,"minecraft:drop":157,"minecraft:play_time":558876,"minecraft:sneak_time":40503,"minecraft:deaths":11,"minecraft:walk_under_water_one_cm":99226,"minecraft:jump":2984,"minecraft:walk_on_water_one_cm":49143,"minecraft:total_world_time":558876,"minecraft:time_since_rest":9574,"minecraft:waystone_activated":2,"minecraft:damage_taken":1361,"minecraft:damage_dealt":1250,"minecraft:swim_one_cm":4213,"minecraft:fly_one_cm":197912,"minecraft:open_chest":308,"minecraft:crouch_one_cm":68148,"minecraft:fall_one_cm":20356},"minecraft:mined":{"tfc:mud/loam":14,"tfc:plant/primrose":6,"tfc:rock/raw/marble":13,"tfc:plant/houstonia":5,"tfc:wood/barrel/birch":1,"tfc:plant/orchard_grass":40,"tfc:dirt/loam":6,"tfc:plant/tall_fescue_grass":120,"tfc:ore/rich_native_copper/basalt":29,"tfc:ore/normal_native_copper/basalt":50,"firmalife:beehive":1,"dttfc:birch_undergrowth_leaves":2,"tfc:dirt/silty_loam":6,"butchersdelight:deadsheepblock":2,"minecraft:ladder":1,"tfc:grass/silty_loam":2,"tfc:clay_grass/loam":10,"tfc:wall_torch":11,"tfc:charcoal_pile":11,"dttfc:birch_leaves":31,"tfc:ore/small_native_copper":8,"tfc:wild_crop/beet":3,"tfc:rock/gravel/basalt":27,"tfc:wood/twig/maple":3,"tfc:groundcover/stick":3,"tfc:plant/oxeye_daisy":4,"tfc:plant/tulip_orange":12,"tfc:wild_crop/potato":2,"firmalife:wood/hanger/birch":1,"tfc:rock/cobble/marble":26,"minecraft:fire":30,"tfc:rock/loose/marble":17,"tfc:plant/timothy_grass":18,"tfc:quern":2,"tfc:plant/switchgrass":86,"tfc:plant/trillium":1,"tfc:plant/foxglove":2,"tfc:rock/loose/andesite":1,"tfc:plant/goldenrod":1,"tfc:wild_crop/barley":15,"tfc:pumpkin":1,"tfc:clay_grass/silty_loam":23,"tfc:ore/poor_native_copper/basalt":21,"tfc:wood/log/birch":5,"tfc:plant/tulip_red":31,"dttfc:chestnut_leaves":4,"tfc:wood/leaves/birch":23,"tfc:plant/ryegrass":83,"tfc:rock/raw/basalt":97,"tfc:plant/scutch_grass":34,"tfc:grass/loam":13,"tfc:plant/sword_fern":1,"tfc:plant/dandelion":18,"tfc:placed_item":14,"tfc:wild_crop/onion":11,"tfc:torch":24,"tfc:wood/fallen_leaves/chestnut":1,"tfc:wood/fallen_leaves/birch":1,"tfc:wood/vertical_support/birch":7,"tfc:log_pile":5,"tfc:rock/cobble/basalt":5,"tfc:plant/moss":3,"tfc:wood/twig/chestnut":4,"tfc:wood/twig/birch":26,"tfc:wild_crop/rye":2,"tfc:rock/gravel/marble":10,"choppingblock:chopping_block":1,"tfc:mud/silty_loam":8,"exnihilosequentia:infested_leaves":16},"minecraft:killed_by":{"minecraft:player":1,"tfc:wolf":8},"minecraft:killed":{"tfc:wolf":2,"tfc:rabbit":2},"minecraft:picked_up":{"tfc:wood/support/birch":112,"minecraft:charcoal":11,"minecraft:ladder":1,"minecraft:clay_ball":76,"tfc:wood/twig/maple":3,"tfc:rock/cobble/andesite":10,"tfc:pan/empty":2,"tfc:small_raw_hide":1,"tfc:rock/cobble/basalt":1,"minecraft:string":23,"tfc:seeds/rye":2,"tfc:straw":136,"tfc:rock/loose/andesite":296,"tfc:food/barley":31,"tfc:ceramic/jug":1,"tfc:rock/gravel/basalt":22,"butchersdelight:deadrabbitbrown":1,"tfc:plant/foxglove":1,"minecraft:gold_nugget":1,"tfc:dirt/silty_loam":5,"tfc:metal/pickaxe/copper":1,"tfc:seeds/barley":15,"firmalife:wood/hanger/birch":1,"tfcorewashing:copper_powder":157,"tfc:ore/rich_native_copper":29,"tfc:wood/barrel/birch":1,"tfc:plant/dandelion":18,"minecraft:stick":299,"tfc:ore/normal_native_copper":50,"htm:flint_scrap":4,"tfc:rock/raw/marble":12,"htm:flint_shears":1,"tfcorewashing:dirty_dust_copper":30,"dttfc:birch_seed":36,"tfc:stone/hoe/metamorphic":1,"tfc:plant/dry_phragmite":2,"tfc:ceramic/pot":1,"minecraft:rabbit_foot":1,"tfc:plant/houstonia":5,"tfc:rock/loose/basalt":280,"farmersdelight:canvas":2,"butchersdelight:deadsheep":3,"tfcorewashing:rocky_chunks_copper":119,"dttfc:chestnut_seed":14,"tfc:wood/twig/chestnut":3,"tfc:ore/topaz":1,"tfc:stone/knife_head/metamorphic":2,"chiselsandbits:chisel_stone":1,"tfc:torch":35,"tfc:food/beet":7,"tfc:food/onion":21,"choppingblock:chopping_block":1,"tfc:rock/loose/marble":72,"tfc:rock/gravel/marble":10,"tfcorewashing:chunks_copper":395,"tfc:plant/oxeye_daisy":2,"tfc:quern":2,"tfc:ceramic/unfired_bowl":2,"minecraft:flint":7,"tfc:seeds/beet":4,"tfc:food/wolf":4,"tfc:rock/cobble/marble":16,"tfc:wood/sluice/birch":1,"minecraft:bone":10,"tfc:wood/log/chestnut":100,"tfcorewashing:pile_red_sand":157,"tfc:large_raw_hide":1,"ftbquests:book":1,"minecraft:rabbit_hide":1,"tfc:ore/poor_native_copper":17,"tfc:seeds/potato":2,"minecraft:rabbit":1,"tfc:plant/tulip_orange":9,"htm:plant_string":2,"firstaid:plaster":3,"tfc:wood/log/birch":203,"tfc:ore/small_native_copper":8,"tfc:plant/tulip_red":29,"tfc:blubber":3,"tfc:ceramic/vessel":1,"tfc:dirt/loam":21,"tfc:plant/primrose":5,"tfc:handstone":1,"exnihilosequentia:silkworm":23,"tfc:food/rye":3,"tfc:mud/silty_loam":13,"tfc:wood/leaves/birch":26,"tfc:wood/fallen_leaves/chestnut":1,"butchersdelight:sheephide":1,"tfc:food/potato":2,"waystones:waystone":1,"firmalife:beehive":1,"tfcorewashing:dirty_pile_copper":165,"tfc:stone/knife/metamorphic":1,"tfc:pumpkin":1,"tfc:rock/loose/dolomite":86,"tfc:mud/loam":18,"tfc:wood/twig/birch":26,"tfc:seeds/onion":24},"minecraft:dropped":{"dttfc:chestnut_seed":2,"tfc:metal/pickaxe/copper":1,"tfc:pumpkin":1,"tfc:rock/cobble/marble":5,"tfc:rock/loose/marble":14,"tfc:stone/knife_head/metamorphic":1,"tfc:wood/log/birch":3,"tfc:straw":37,"tfc:pan/empty":2,"tfc:seeds/rye":2,"tfcorewashing:dirty_pile_copper":56,"tfcorewashing:dirty_dust_copper":336,"tfcorewashing:chunks_copper":1,"tfc:mud/silty_loam":9,"tfc:rock/cobble/andesite":20,"dttfc:birch_seed":10,"minecraft:stick":27,"minecraft:flint":3,"tfc:mud/loam":11,"tfc:seeds/beet":1,"tfc:ore/poor_native_copper":1,"minecraft:gold_nugget":2,"tfcorewashing:copper_powder":4,"tfc:stone/hoe/metamorphic":1,"tfc:rock/gravel/basalt":11,"tfc:rock/loose/basalt":33,"minecraft:string":1,"ftbquests:book":1,"tfc:firestarter":1,"minecraft:bone":14,"tfc:rock/loose/dolomite":59,"tfc:seeds/onion":9,"tfc:food/onion":3,"tfc:food/barley":4,"tfc:dirt/silty_loam":2,"tfc:torch":1,"tfc:metal/propick/copper":1,"tfc:ceramic/jug":1,"tfc:dirt/loam":1,"tfc:rock/loose/andesite":139,"htm:flint_scrap":4,"tfcorewashing:rocky_chunks_copper":519,"tfcorewashing:pile_red_sand":9,"tfc:ore/small_malachite":1,"tfc:rock/gravel/marble":4,"tfc:ceramic/vessel":1,"tfc:wood/fallen_leaves/chestnut":1},"minecraft:used":{"tfc:food/barley":15,"tfc:plant/foxglove":1,"tfc:rock/loose/andesite":1,"tfc:dirt/loam":15,"tfc:food/onion":7,"tfc:seeds/barley":15,"tfc:wood/support/birch":32,"tfc:quern":3,"minecraft:ladder":32,"tfc:plant/dandelion":18,"tfc:sand/red":2,"tfc:food/cooked_rabbit":1,"minecraft:stick":3,"tfc:metal/saw/copper":25,"firmalife:beehive":2,"tfc:plant/tulip_red":29,"tfc:food/cooked_wolf":4,"tfc:wood/leaves/birch":26,"tfc:ore/small_native_copper":1,"tfc:mud/silty_loam":4,"exnihilosequentia:wooden_crook":44,"tfc:rock/raw/marble":4,"tfc:food/cooked_camelidae":1,"tfc:stone/hoe/metamorphic":27,"tfc:rock/gravel/marble":1,"tfc:rock/cobble/basalt":15,"tfc:plant/oxeye_daisy":2,"tfc:rock/loose/marble":2,"tfc:metal/propick/copper":226,"tfc:food/cooked_mutton":12,"dttfc:chestnut_seed":2,"tfc:wood/chest/birch":4,"tfc:wood/sluice/birch":3,"tfc:rock/cobble/marble":1,"tfc:wood/planks/birch":1,"tfc:pan/filled":130,"tfc:plant/tulip_orange":9,"tfc:wood/planks/birch_workbench":1,"choppingblock:chopping_block":1,"tfc:wattle":16,"firmalife:wood/hanger/birch":2,"tfc:food/rye":3,"tfc:stone/shovel/metamorphic":83,"tfc:dead_torch":2,"tfc:stone/javelin/metamorphic":160,"htm:flint_shears":27,"tfc:wood/log/birch":19,"tfc:stone/knife/metamorphic":108,"tfc:plant/houstonia":5,"tfc:mud/loam":1,"dttfc:birch_seed":18,"tfc:wood/planks/birch_tool_rack":1,"tfc:plant/dry_phragmite":2,"tfc:stone/axe/metamorphic":16,"waystones:waystone":1,"tfc:metal/pickaxe/copper":252,"tfc:food/beet":7,"tfc:food/potato":2,"tfc:seeds/onion":11,"tfc:pan/empty":260,"tfc:plant/primrose":5,"tfc:wood/barrel/birch":2,"tfc:torch":37,"tfc:firestarter":47,"tfc:stone/hoe/igneous_extrusive":70,"exnihilosequentia:silkworm":20,"minecraft:air":20,"tfc:rock/gravel/basalt":5},"minecraft:broken":{"tfc:stone/hoe/igneous_extrusive":1,"tfc:stone/shovel/metamorphic":1,"tfc:stone/hammer/metamorphic":1,"tfc:stone/knife/metamorphic":2,"tfc:stone/axe/metamorphic":2,"tfc:firestarter":1}},"DataVersion":2975}