{"stats":{"minecraft:mined":{"tfc:mud/loam":1,"tfc:plant/primrose":2,"tfc:plant/tulip_red":1,"tfc:plant/tall_fescue_grass":3,"tfc:plant/orchard_grass":7,"dttfc:chestnut_leaves":4,"tfc:grass/silty_loam":1,"tfc:plant/ryegrass":9,"tfc:grass/loam":3,"tfc:wall_torch":1,"tfc:placed_item":3,"tfc:wild_crop/onion":5,"tfc:torch":3,"tfc:wood/fallen_leaves/chestnut":1,"tfc:wood/twig/maple":2,"tfc:groundcover/stick":1,"tfc:plant/oxeye_daisy":1,"tfc:log_pile":2,"minecraft:fire":29,"tfc:rock/loose/marble":5,"tfc:wood/twig/chestnut":2,"tfc:wood/twig/birch":1,"tfc:plant/switchgrass":8,"tfc:plant/goldenrod":1,"tfc:pumpkin":1,"tfc:clay_grass/silty_loam":23},"minecraft:custom":{"minecraft:mob_kills":2,"minecraft:leave_game":1,"minecraft:time_since_death":62672,"minecraft:climb_one_cm":510,"minecraft:time_since_rest":62672,"minecraft:waystone_activated":2,"minecraft:sprint_one_cm":88676,"minecraft:damage_taken":263,"minecraft:walk_one_cm":186134,"minecraft:drop":38,"minecraft:damage_dealt":60,"minecraft:fly_one_cm":51920,"minecraft:crouch_one_cm":7592,"minecraft:play_time":62672,"minecraft:sneak_time":2993,"minecraft:walk_under_water_one_cm":117,"minecraft:jump":572,"minecraft:walk_on_water_one_cm":1502,"minecraft:total_world_time":62672,"minecraft:fall_one_cm":4867},"minecraft:used":{"tfc:dirt/loam":2,"tfc:food/onion":6,"tfc:stone/shovel/metamorphic":28,"tfc:stone/javelin/metamorphic":6,"tfc:food/cooked_rabbit":1,"minecraft:stick":1,"tfc:stone/knife/metamorphic":25,"tfc:mud/loam":1,"dttfc:birch_seed":3,"tfc:stone/axe/metamorphic":7,"tfc:plant/dry_phragmite":2,"waystones:waystone":1,"tfc:plant/primrose":1,"tfc:torch":4,"tfc:firestarter":19,"minecraft:air":3},"minecraft:crafted":{"tfc:stone/javelin/metamorphic":1,"farmersdelight:canvas":2,"akashictome:tome":1,"htm:plant_string":2,"minecraft:stick":4,"tfc:stone/shovel/metamorphic":1,"tfc:firestarter":2,"tfc:stone/knife/metamorphic":1,"tfc:stone/axe/metamorphic":1,"tfc:dead_torch":2},"minecraft:picked_up":{"tfc:rock/loose/marble":11,"tfc:food/onion":9,"minecraft:clay_ball":47,"tfc:wood/twig/maple":2,"tfc:pan/empty":1,"tfc:straw":64,"tfc:wood/log/chestnut":35,"butchersdelight:deadrabbitbrown":1,"minecraft:rabbit_hide":1,"tfc:dirt/silty_loam":2,"ftbquests:book":1,"minecraft:rabbit":1,"minecraft:stick":36,"tfc:wood/log/birch":36,"tfc:dirt/loam":3,"tfc:plant/primrose":1,"dttfc:birch_seed":4,"tfc:ceramic/pot":1,"tfc:plant/dry_phragmite":2,"minecraft:rabbit_foot":1,"tfc:wood/fallen_leaves/chestnut":1,"tfc:wood/twig/chestnut":1,"waystones:waystone":1,"tfc:stone/knife_head/metamorphic":1,"tfc:pumpkin":1,"tfc:torch":4,"tfc:mud/loam":1,"tfc:wood/twig/birch":1,"tfc:seeds/onion":5},"minecraft:killed":{"tfc:rabbit":2},"minecraft:dropped":{"tfc:pumpkin":1,"tfc:rock/loose/marble":3,"tfc:stone/knife_head/metamorphic":1,"tfc:wood/log/birch":2,"tfc:straw":35,"tfc:food/onion":3,"tfc:dirt/silty_loam":2,"dttfc:birch_seed":1,"minecraft:stick":6,"tfc:torch":1,"tfc:dirt/loam":1,"ftbquests:book":1,"tfc:wood/fallen_leaves/chestnut":1}},"DataVersion":2975}