{"stats":{"minecraft:used":{"tfc:food/barley":7,"tfc:seeds/barley":6,"tfc:dirt/loam":2,"tfc:wood/support/birch":1,"tfc:food/onion":6,"tfc:food/cooked_rabbit":1,"minecraft:stick":1,"tfc:metal/saw/copper":7,"tfc:food/cooked_wolf":4,"tfc:wood/leaves/birch":26,"exnihilosequentia:wooden_crook":11,"tfc:stone/hoe/metamorphic":6,"tfc:wood/chest/birch":2,"tfc:wood/planks/birch":1,"tfc:pan/filled":95,"tfc:wood/planks/birch_workbench":1,"tfc:stone/shovel/metamorphic":28,"firmalife:wood/hanger/birch":2,"tfc:dead_torch":2,"tfc:stone/javelin/metamorphic":160,"htm:flint_shears":27,"tfc:stone/knife/metamorphic":54,"tfc:wood/log/birch":17,"tfc:mud/loam":1,"dttfc:birch_seed":6,"tfc:wood/planks/birch_tool_rack":1,"tfc:plant/dry_phragmite":2,"tfc:stone/axe/metamorphic":12,"waystones:waystone":1,"tfc:pan/empty":190,"tfc:plant/primrose":1,"tfc:wood/barrel/birch":1,"tfc:torch":8,"tfc:firestarter":32,"minecraft:air":5},"minecraft:dropped":{"tfc:pumpkin":1,"tfc:rock/loose/marble":8,"tfc:stone/knife_head/metamorphic":1,"tfc:wood/log/birch":2,"tfc:straw":35,"tfc:pan/empty":2,"dttfc:birch_seed":3,"minecraft:stick":18,"minecraft:gold_nugget":2,"tfcorewashing:copper_powder":4,"ftbquests:book":1,"tfc:firestarter":1,"minecraft:bone":12,"tfc:food/onion":3,"tfc:dirt/silty_loam":2,"tfc:food/barley":4,"tfc:torch":1,"tfc:metal/propick/copper":1,"tfc:ceramic/jug":1,"tfc:dirt/loam":1,"htm:flint_scrap":4,"tfc:wood/fallen_leaves/chestnut":1},"minecraft:picked_up":{"tfc:wood/support/birch":37,"minecraft:clay_ball":49,"tfc:wood/twig/maple":2,"tfc:pan/empty":2,"tfc:small_raw_hide":1,"tfc:food/barley":11,"tfc:straw":98,"tfc:ceramic/jug":1,"butchersdelight:deadrabbitbrown":1,"minecraft:gold_nugget":1,"tfc:dirt/silty_loam":2,"tfc:seeds/barley":6,"firmalife:wood/hanger/birch":1,"tfcorewashing:copper_powder":10,"minecraft:stick":106,"htm:flint_scrap":4,"dttfc:birch_seed":16,"tfc:ceramic/pot":1,"tfc:plant/dry_phragmite":2,"minecraft:rabbit_foot":1,"farmersdelight:canvas":1,"butchersdelight:deadsheep":2,"tfc:wood/twig/chestnut":2,"tfc:stone/knife_head/metamorphic":1,"tfc:torch":8,"tfc:rock/loose/marble":29,"tfc:food/onion":9,"tfc:ceramic/unfired_bowl":2,"tfc:food/wolf":4,"minecraft:bone":8,"tfc:wood/log/chestnut":35,"minecraft:rabbit_hide":1,"ftbquests:book":1,"minecraft:rabbit":1,"htm:plant_string":2,"tfc:wood/log/birch":114,"tfc:dirt/loam":3,"tfc:plant/primrose":1,"exnihilosequentia:silkworm":1,"tfc:wood/leaves/birch":26,"tfc:wood/fallen_leaves/chestnut":1,"waystones:waystone":1,"tfc:pumpkin":1,"tfc:mud/loam":1,"tfc:wood/twig/birch":3,"tfc:seeds/onion":5},"minecraft:broken":{"tfc:stone/knife/metamorphic":1,"tfc:stone/axe/metamorphic":1},"minecraft:mined":{"tfc:mud/loam":1,"tfc:plant/primrose":2,"tfc:plant/tall_fescue_grass":61,"tfc:plant/orchard_grass":18,"dttfc:birch_undergrowth_leaves":2,"tfc:grass/silty_loam":1,"butchersdelight:deadsheepblock":1,"tfc:wall_torch":1,"dttfc:birch_leaves":29,"tfc:wood/twig/maple":2,"tfc:groundcover/stick":1,"tfc:plant/oxeye_daisy":1,"firmalife:wood/hanger/birch":1,"minecraft:fire":29,"tfc:plant/timothy_grass":7,"tfc:rock/loose/marble":14,"tfc:plant/switchgrass":46,"tfc:plant/goldenrod":1,"tfc:wild_crop/barley":6,"tfc:pumpkin":1,"tfc:clay_grass/silty_loam":23,"tfc:wood/log/birch":4,"tfc:plant/tulip_red":1,"dttfc:chestnut_leaves":4,"tfc:wood/leaves/birch":8,"tfc:plant/ryegrass":40,"tfc:grass/loam":3,"tfc:plant/scutch_grass":10,"tfc:placed_item":12,"tfc:wild_crop/onion":5,"tfc:torch":7,"tfc:wood/fallen_leaves/chestnut":1,"tfc:wood/vertical_support/birch":1,"tfc:log_pile":3,"tfc:wood/twig/chestnut":3,"tfc:wood/twig/birch":3},"minecraft:killed":{"tfc:wolf":2,"tfc:rabbit":2},"minecraft:killed_by":{"tfc:wolf":8},"minecraft:custom":{"minecraft:mob_kills":4,"minecraft:interact_with_crafting_table":11,"minecraft:leave_game":4,"minecraft:time_since_death":44980,"minecraft:climb_one_cm":510,"minecraft:sprint_one_cm":293583,"minecraft:walk_one_cm":553403,"minecraft:drop":61,"minecraft:play_time":184968,"minecraft:deaths":10,"minecraft:sneak_time":15139,"minecraft:walk_under_water_one_cm":77441,"minecraft:jump":1366,"minecraft:walk_on_water_one_cm":9452,"minecraft:total_world_time":184968,"minecraft:time_since_rest":45002,"minecraft:waystone_activated":2,"minecraft:damage_taken":1029,"minecraft:damage_dealt":1250,"minecraft:swim_one_cm":3347,"minecraft:fly_one_cm":136638,"minecraft:open_chest":29,"minecraft:crouch_one_cm":19070,"minecraft:fall_one_cm":12248},"minecraft:crafted":{"htm:flint_shears":1,"tfc:wood/planks/birch_tool_rack":1,"farmersdelight:canvas":4,"akashictome:tome":1,"htm:plant_string":9,"tfc:wood/chest/birch":2,"firmalife:wood/hanger/birch":1,"htm:flint_scrap":12,"htm:flint_sharped":6,"exnihilosequentia:wooden_crook":1,"tfc:dead_torch":4,"tfc:stone/hoe/metamorphic":1,"tfc:stone/javelin/metamorphic":5,"tfc:metal/propick_head/copper":1,"tfc:wood/planks/birch_workbench":1,"tfc:metal/propick/copper":1,"tfc:wood/barrel/birch":1,"tfc:wood/lumber/birch":72,"minecraft:stick":16,"tfc:stone/shovel/metamorphic":1,"tfc:firestarter":2,"tfc:metal/saw_blade/copper":1,"tfc:stone/knife/metamorphic":1,"tfc:metal/pickaxe_head/copper":1,"tfc:metal/pickaxe/copper":1,"tfc:wood/planks/birch":9,"tfc:stone/axe/metamorphic":3,"tfc:stick_bunch":4,"tfc:metal/saw/copper":1}},"DataVersion":2975}