{"stats":{"minecraft:used":{"tfc:food/wheat":3,"tfc_ie_addon:ore/small_aluminum":2,"tfc:stone/shovel/metamorphic":6,"tfc:ore/small_native_silver":5,"tfc:stone/javelin/metamorphic":5},"minecraft:dropped":{"tfc:stone/axe/metamorphic":1,"tfc:rock/gravel/marble":1,"tfc:food/wheat":1},"minecraft:picked_up":{"tfc:stone/axe/metamorphic":1,"tfc:rock/loose/marble":24,"tfc:rock/gravel/marble":1,"minecraft:clay_ball":9,"tfc:food/wheat":9},"minecraft:mined":{"tfc:clay/silty_loam":4,"tfc:plant/switchgrass":2,"tfc:wild_crop/wheat":9,"tfc:rock/gravel/marble":1,"tfc:plant/tall_fescue_grass":1,"tfc:plant/timothy_grass":1,"tfc:rock/loose/marble":1},"minecraft:killed":{"untamedwilds:newt":1},"minecraft:crafted":{"tfc:stone/axe/metamorphic":1,"tfc:stone/javelin/metamorphic":1,"minecraft:stick":4,"tfc:stone/shovel/metamorphic":1},"minecraft:killed_by":{"untamedwilds:large_snake":4},"minecraft:custom":{"minecraft:time_since_rest":7129,"minecraft:deaths":4,"minecraft:crouch_one_cm":1530,"minecraft:play_time":17681,"minecraft:sprint_one_cm":40425,"minecraft:damage_taken":434,"minecraft:walk_one_cm":38229,"minecraft:sneak_time":400,"minecraft:walk_under_water_one_cm":1337,"minecraft:mob_kills":1,"minecraft:drop":3,"minecraft:jump":532,"minecraft:damage_dealt":124,"minecraft:time_since_death":7107,"minecraft:walk_on_water_one_cm":3548,"minecraft:total_world_time":17681,"minecraft:swim_one_cm":5192,"minecraft:fall_one_cm":9161,"minecraft:fly_one_cm":93677}},"DataVersion":2975}