{"stats":{"minecraft:used":{"tfc:stone/shovel/metamorphic":6},"minecraft:picked_up":{"tfc:rock/loose/marble":4,"tfc:rock/gravel/marble":1,"minecraft:clay_ball":9},"minecraft:dropped":{"tfc:rock/gravel/marble":1},"minecraft:mined":{"tfc:rock/loose/marble":1,"tfc:rock/gravel/marble":1,"tfc:clay/silty_loam":4},"minecraft:crafted":{"tfc:stone/shovel/metamorphic":1},"minecraft:custom":{"minecraft:jump":81,"minecraft:time_since_rest":2791,"minecraft:crouch_one_cm":407,"minecraft:sprint_one_cm":7535,"minecraft:play_time":2791,"minecraft:walk_on_water_one_cm":1072,"minecraft:time_since_death":2791,"minecraft:walk_one_cm":3900,"minecraft:sneak_time":105,"minecraft:total_world_time":2791,"minecraft:walk_under_water_one_cm":900,"minecraft:swim_one_cm":589,"minecraft:drop":1,"minecraft:fall_one_cm":627,"minecraft:fly_one_cm":13010}},"DataVersion":2975}