{"stats":{"minecraft:broken":{"tfc:stone/knife/igneous_intrusive":1},"minecraft:picked_up":{"minecraft:clay_ball":67,"tfc:wood/planks/oak_workbench":1,"tfc:stone/javelin/igneous_intrusive":1,"tfc:straw":59,"tfc:food/bluegill":7,"tfc:sand/brown":1,"butchersdelight:deadrabbitbrown":2,"minecraft:rabbit_hide":1,"tfc:large_raw_hide":1,"tfc:food/cod":1,"minecraft:rabbit":1,"tfc:food/venison":7,"minecraft:stick":50,"tfc:wood/log/birch":79,"tfc:rock/loose/diorite":4,"tfc:dirt/loam":4,"tfc:firestarter":1,"tfc:thatch":1,"dttfc:birch_seed":2,"tfc:food/turtle":3},"minecraft:crafted":{"farmersdelight:canvas":10,"tfc:stone/javelin/igneous_intrusive":1,"tfc:stone/axe/igneous_intrusive":1,"tfc:thatch":9,"tfc:firestarter":1,"tfc:stone/shovel/igneous_intrusive":1,"tfc:stone/knife/igneous_intrusive":2},"minecraft:mined":{"tfc:wood/log/birch":1,"tfc:dirt/loam":10,"tfc:plant/orchard_grass":34,"tfc:wood/planks/oak_workbench":1,"tfc:clay_grass/loam":14,"tfc:plant/ryegrass":31,"tfc:plant/meads_milkweed":1,"tfc:plant/tulip_pink":1,"tfc:grass/loam":3,"tfc:plant/arrowhead":1,"tfc:plant/sword_fern":1,"tfc:sand/brown":3,"tfc:placed_item":1,"untamedwilds:block_burrow":1,"tfc:clay/loam":23,"tfc:log_pile":1,"tfc:plant/switchgrass":35,"tfc:plant/labrador_tea":1,"tfc:thatch":1},"minecraft:killed":{"untamedwilds:trevally":1,"tfc:bluegill":10,"tfc:rabbit":2,"untamedwilds:softshell_turtle":1,"tfc:deer":1},"minecraft:custom":{"minecraft:mob_kills":15,"minecraft:interact_with_crafting_table":2,"minecraft:leave_game":3,"minecraft:time_since_death":61395,"minecraft:time_since_rest":61395,"minecraft:waystone_activated":1,"minecraft:sprint_one_cm":116369,"minecraft:damage_taken":37,"minecraft:walk_one_cm":121248,"minecraft:drop":52,"minecraft:damage_dealt":599,"minecraft:talked_to_villager":3,"minecraft:swim_one_cm":41542,"minecraft:fly_one_cm":277265,"minecraft:crouch_one_cm":10933,"minecraft:play_time":61395,"minecraft:sneak_time":3611,"minecraft:walk_under_water_one_cm":7510,"minecraft:jump":1180,"minecraft:walk_on_water_one_cm":10684,"minecraft:total_world_time":61395,"minecraft:fall_one_cm":35158},"minecraft:dropped":{"tfc:wood/log/birch":29,"tfc:straw":3,"minecraft:clay_ball":3,"tfc:stone/javelin/igneous_intrusive":1,"dttfc:birch_seed":2,"minecraft:stick":58,"tfc:groundcover/pinecone":8,"minecraft:rabbit_hide":1,"tfc:rock/loose/diorite":5,"butchersdelight:deadrabbitbrown":1,"tfc:dirt/loam":4,"tfc:thatch":7,"tfc:firestarter":1},"minecraft:used":{"tfc:food/cooked_venison":1,"tfc:food/bluegill":4,"minecraft:rabbit":1,"tfc:stone/shovel/igneous_intrusive":59,"tfc:food/cooked_turtle":3,"tfc:stone/javelin/igneous_intrusive":28,"tfc:food/cooked_cod":1,"minecraft:stick":2,"tfc:wood/log/birch":27,"tfc:thatch":3,"tfc:stone/axe/igneous_intrusive":7,"waystones:waystone":1,"tfc:food/venison":6,"tfc:firestarter":9,"tfc:wood/planks/oak_workbench":1,"tfc:sand/brown":1,"tfc:stone/knife/igneous_intrusive":60,"minecraft:air":2}},"DataVersion":2975}