{"stats":{"minecraft:used":{"tfc:stone/shovel/metamorphic":48,"tfc_ie_addon:ore/small_aluminum":2,"tfc:ore/small_native_silver":5,"tfc:stone/javelin/metamorphic":14,"tfc:food/venison":9,"minecraft:stick":5,"tfc:stone/knife/metamorphic":9,"tfc:thatch":2,"tfc:food/wheat":5,"tfc:stone/axe/metamorphic":1},"minecraft:picked_up":{"tfc:rock/loose/marble":46,"tfc:rock/gravel/marble":1,"minecraft:clay_ball":83,"tfc:stone/shovel/metamorphic":1,"tfc:food/wheat":9,"waterflasks:bladder":5,"firmalife:rennet":6,"tfc:thatch":4,"tfc:straw":8,"tfc:stone/axe/metamorphic":1,"minecraft:bone":7,"butchersdelight:dead_cow":5,"tfc:wood/twig/oak":1,"tfc:stone/knife_head/metamorphic":1,"tfc:large_raw_hide":2,"tfc:food/venison":10},"minecraft:dropped":{"waterflasks:bladder":5,"tfc:wood/twig/oak":1,"butchersdelight:dead_cow":3,"tfc:rock/loose/marble":22,"tfc:stone/knife_head/metamorphic":1,"tfc:thatch":2,"tfc:wood/twig/chestnut":1,"minecraft:clay_ball":19,"tfc:food/wheat":4,"firmalife:rennet":6,"tfc:rock/gravel/marble":1,"tfc:stone/axe/metamorphic":1,"minecraft:bone":7},"minecraft:mined":{"tfc:clay/silty_loam":19,"butchersdelight:deadcowblock":1,"tfc:plant/tall_fescue_grass":3,"tfc:plant/timothy_grass":7,"tfc:rock/loose/marble":1,"tfc:grass/silty_loam":4,"tfc:plant/switchgrass":5,"tfc:wild_crop/wheat":9,"tfc:rock/gravel/marble":1,"tfc:plant/scutch_grass":1,"tfc:plant/dandelion":1,"tfc:placed_item":1,"tfc:clay_grass/silty_loam":20,"tfc:thatch_bed":1},"minecraft:killed":{"tfc:cow":2,"untamedwilds:newt":1,"tfc:deer":1},"minecraft:killed_by":{"untamedwilds:large_snake":4},"minecraft:crafted":{"tfc:stone/javelin/metamorphic":1,"minecraft:stick":8,"tfc:thatch":2,"tfc:stone/shovel/metamorphic":1,"tfc:stone/knife/metamorphic":1,"tfc:stone/axe/metamorphic":1},"minecraft:custom":{"minecraft:time_since_rest":34846,"minecraft:damage_taken":624,"minecraft:sprint_one_cm":100220,"minecraft:walk_one_cm":86657,"minecraft:mob_kills":4,"minecraft:drop":22,"minecraft:damage_dealt":424,"minecraft:swim_one_cm":8371,"minecraft:fly_one_cm":248485,"minecraft:play_time":45398,"minecraft:crouch_one_cm":7270,"minecraft:deaths":4,"minecraft:sneak_time":2394,"minecraft:walk_under_water_one_cm":1370,"minecraft:jump":1404,"minecraft:leave_game":4,"minecraft:time_since_death":34824,"minecraft:walk_on_water_one_cm":4487,"minecraft:total_world_time":45398,"minecraft:climb_one_cm":104,"minecraft:fall_one_cm":30142}},"DataVersion":2975}