{"stats":{"minecraft:used":{"tfc_ie_addon:ore/small_aluminum":2,"tfc:stone/shovel/metamorphic":48,"tfc:ore/small_native_silver":5,"tfc:stone/javelin/metamorphic":8,"minecraft:stick":5,"tfc:food/venison":4,"tfc:stone/knife/metamorphic":8,"tfc:food/wheat":5,"tfc:stone/axe/metamorphic":1},"minecraft:picked_up":{"tfc:rock/loose/marble":46,"tfc:rock/gravel/marble":1,"minecraft:clay_ball":83,"tfc:stone/shovel/metamorphic":1,"tfc:food/wheat":9,"tfc:thatch":2,"tfc:straw":8,"tfc:stone/axe/metamorphic":1,"tfc:wood/twig/oak":1,"tfc:stone/knife_head/metamorphic":1,"tfc:large_raw_hide":1,"tfc:food/venison":10},"minecraft:dropped":{"tfc:wood/twig/oak":1,"tfc:rock/loose/marble":22,"tfc:stone/knife_head/metamorphic":1,"tfc:thatch":2,"tfc:wood/twig/chestnut":1,"minecraft:clay_ball":19,"tfc:food/wheat":4,"tfc:rock/gravel/marble":1,"tfc:stone/axe/metamorphic":1},"minecraft:mined":{"tfc:clay/silty_loam":19,"tfc:plant/tall_fescue_grass":3,"tfc:plant/timothy_grass":7,"tfc:rock/loose/marble":1,"tfc:grass/silty_loam":4,"tfc:plant/switchgrass":5,"tfc:wild_crop/wheat":9,"tfc:rock/gravel/marble":1,"tfc:plant/scutch_grass":1,"tfc:plant/dandelion":1,"tfc:placed_item":1,"tfc:clay_grass/silty_loam":20},"minecraft:killed":{"tfc:deer":1,"untamedwilds:newt":1},"minecraft:killed_by":{"untamedwilds:large_snake":4},"minecraft:crafted":{"tfc:stone/javelin/metamorphic":1,"tfc:thatch":2,"minecraft:stick":8,"tfc:stone/shovel/metamorphic":1,"tfc:stone/knife/metamorphic":1,"tfc:stone/axe/metamorphic":1},"minecraft:custom":{"minecraft:time_since_rest":23296,"minecraft:sprint_one_cm":73061,"minecraft:damage_taken":522,"minecraft:walk_one_cm":67509,"minecraft:mob_kills":2,"minecraft:drop":13,"minecraft:damage_dealt":224,"minecraft:swim_one_cm":8371,"minecraft:fly_one_cm":169830,"minecraft:crouch_one_cm":6364,"minecraft:play_time":33848,"minecraft:deaths":4,"minecraft:sneak_time":2116,"minecraft:walk_under_water_one_cm":1370,"minecraft:jump":990,"minecraft:leave_game":3,"minecraft:walk_on_water_one_cm":4487,"minecraft:time_since_death":23274,"minecraft:climb_one_cm":104,"minecraft:total_world_time":33848,"minecraft:fall_one_cm":19007}},"DataVersion":2975}