{"stats":{"minecraft:used":{"tfc:stone/shovel/metamorphic":6,"tfc:food/wheat":5,"tfc_ie_addon:ore/small_aluminum":2,"tfc:ore/small_native_silver":5,"tfc:stone/javelin/metamorphic":5},"minecraft:dropped":{"tfc:food/wheat":1,"tfc:rock/gravel/marble":1,"tfc:stone/axe/metamorphic":1,"tfc:wood/twig/chestnut":1},"minecraft:picked_up":{"tfc:stone/axe/metamorphic":1,"tfc:rock/loose/marble":24,"tfc:rock/gravel/marble":1,"minecraft:clay_ball":9,"tfc:food/wheat":9},"minecraft:mined":{"tfc:clay/silty_loam":4,"tfc:plant/switchgrass":2,"tfc:wild_crop/wheat":9,"tfc:rock/gravel/marble":1,"tfc:plant/tall_fescue_grass":2,"tfc:plant/timothy_grass":1,"tfc:rock/loose/marble":1},"minecraft:killed":{"untamedwilds:newt":1},"minecraft:crafted":{"tfc:stone/axe/metamorphic":1,"tfc:stone/javelin/metamorphic":1,"minecraft:stick":8,"tfc:stone/shovel/metamorphic":1},"minecraft:killed_by":{"untamedwilds:large_snake":4},"minecraft:custom":{"minecraft:play_time":22465,"minecraft:time_since_rest":11913,"minecraft:walk_one_cm":46395,"minecraft:crouch_one_cm":2371,"minecraft:sprint_one_cm":48919,"minecraft:sneak_time":762,"minecraft:deaths":4,"minecraft:walk_under_water_one_cm":1370,"minecraft:mob_kills":1,"minecraft:drop":4,"minecraft:jump":689,"minecraft:damage_dealt":124,"minecraft:leave_game":2,"minecraft:time_since_death":11891,"minecraft:walk_on_water_one_cm":4487,"minecraft:total_world_time":22465,"minecraft:climb_one_cm":104,"minecraft:swim_one_cm":8371,"minecraft:fly_one_cm":111258,"minecraft:fall_one_cm":9997,"minecraft:damage_taken":490}},"DataVersion":2975}