{"stats":{"minecraft:picked_up":{"minecraft:stick":9,"tfc:rock/loose/diorite":7,"tfc:wood/twig/birch":8,"tfc:groundcover/pinecone":2},"minecraft:crafted":{"akashictome:tome":1},"minecraft:mined":{"tfc:wood/twig/birch":8,"tfc:plant/switchgrass":8,"tfc:plant/ryegrass":9,"tfc:groundcover/stick":10,"tfc:rock/loose/diorite":6,"tfc:rock/gravel/diorite":1,"tfc:dirt/loam":1,"tfc:groundcover/pinecone":1,"tfc:plant/orchard_grass":8,"tfc:plant/butterfly_milkweed":1},"minecraft:custom":{"minecraft:time_since_rest":3126,"minecraft:crouch_one_cm":1601,"minecraft:deaths":1,"minecraft:play_time":18646,"minecraft:sprint_one_cm":5639,"minecraft:damage_taken":46,"minecraft:walk_one_cm":33308,"minecraft:sneak_time":374,"minecraft:drop":2,"minecraft:jump":105,"minecraft:leave_game":1,"minecraft:time_since_death":3097,"minecraft:total_world_time":18646,"minecraft:fall_one_cm":4168,"minecraft:fly_one_cm":16294},"minecraft:dropped":{"tfc:groundcover/pinecone":1,"tfc:rock/loose/diorite":2}},"DataVersion":2975}