{"stats":{"minecraft:mined":{"tfc:wood/twig/maple":2,"tfc:plant/primrose":1,"tfc:mud/loam":2,"tfc:groundcover/stick":1,"tfc:plant/field_horsetail":1,"tfc:plant/houstonia":1,"tfc_ie_addon:ore/small_uranium":1,"tfc:plant/tulip_orange":2,"tfc:plant/tulip_red":1,"tfc:plant/moss":1,"tfc:plant/tall_fescue_grass":39,"tfc:plant/orchard_grass":25,"tfc:plant/dry_phragmite_plant":4,"dttfc:birch_undergrowth_leaves":4,"tfc:plant/timothy_grass":2,"tfc:rock/loose/marble":18,"tfc:wood/twig/chestnut":1,"tfc:grass/silty_loam":4,"tfc:wood/twig/birch":8,"tfc:plant/switchgrass":50,"tfc:wood/log/chestnut":1,"tfc:plant/ryegrass":25,"tfc:plant/foxglove":1,"tfc:rock/gravel/marble":6,"tfc:grass/loam":5,"tfc:plant/scutch_grass":7,"tfc_ie_addon:ore/small_lead":1,"tfc:plant/arrowhead":1,"tfc:placed_item":2,"tfc:wood/fallen_leaves/chestnut":1,"tfc:mud/silty_loam":1,"tfc:plant/butterfly_milkweed":1},"minecraft:custom":{"minecraft:time_since_rest":36859,"minecraft:waystone_activated":1,"minecraft:sprint_one_cm":17195,"minecraft:damage_taken":48,"minecraft:walk_one_cm":110510,"minecraft:mob_kills":1,"minecraft:drop":33,"minecraft:damage_dealt":30,"minecraft:fly_one_cm":22420,"minecraft:play_time":36859,"minecraft:crouch_one_cm":5648,"minecraft:sneak_time":3913,"minecraft:walk_under_water_one_cm":154,"minecraft:jump":197,"minecraft:leave_game":1,"minecraft:time_since_death":36859,"minecraft:walk_on_water_one_cm":559,"minecraft:total_world_time":36859,"minecraft:fall_one_cm":2090},"minecraft:broken":{"tfc:stone/knife/metamorphic":1,"tfc:firestarter":3},"minecraft:used":{"tfc:wood/log/chestnut":1,"waystones:waystone":1,"tfc:wood/fallen_leaves/chestnut":1,"tfc:food/onion":3,"tfc:stone/shovel/metamorphic":23,"minecraft:stick":2,"tfc:stone/knife/metamorphic":85,"tfc:firestarter":33,"minecraft:air":2,"dttfc:chestnut_seed":1,"tfc_ie_addon:ore/small_uranium":1,"tfc:plant/dry_phragmite":1,"tfc:stone/axe/metamorphic":10},"minecraft:crafted":{"minecraft:stick":10,"tfc:stone/shovel/metamorphic":1,"tfc:firestarter":2,"tfc:stone/knife/metamorphic":2,"tfc:stone/axe/metamorphic":1},"minecraft:picked_up":{"minecraft:stick":49,"tfc:wood/log/birch":25,"tfc_ie_addon:ore/small_lead":2,"tfc:rock/loose/marble":26,"tfc:food/onion":3,"tfc:wood/twig/maple":2,"dttfc:birch_seed":6,"tfc:plant/dry_phragmite":2,"tfc:straw":41,"tfc:wood/fallen_leaves/chestnut":1,"tfc_ie_addon:ore/small_uranium":1,"dttfc:chestnut_seed":1,"tfc:wood/log/chestnut":1,"butchersdelight:deadrabbitbrown":1,"minecraft:rabbit_hide":1,"tfc:torch":1,"minecraft:rabbit":1,"tfc:wood/twig/birch":8},"minecraft:killed":{"tfc:rabbit":1},"minecraft:dropped":{"tfc:straw":28,"tfc:plant/dry_phragmite":1,"tfc_ie_addon:ore/small_lead":1,"minecraft:stick":3}},"DataVersion":2975}