{"stats":{"minecraft:mined":{"tfc:wood/twig/maple":2,"tfc:plant/primrose":1,"tfc:mud/loam":2,"tfc:groundcover/stick":1,"tfc:plant/field_horsetail":1,"tfc:plant/houstonia":1,"tfc_ie_addon:ore/small_uranium":1,"tfc:plant/tulip_orange":2,"tfc:plant/tulip_red":1,"tfc:plant/moss":1,"minecraft:fire":6,"tfc:plant/tall_fescue_grass":42,"tfc:plant/orchard_grass":27,"tfc:plant/dry_phragmite_plant":4,"dttfc:birch_undergrowth_leaves":4,"tfc:plant/timothy_grass":2,"tfc:rock/loose/marble":18,"tfc:wood/twig/chestnut":1,"tfc:grass/silty_loam":4,"tfc:wood/twig/birch":8,"tfc:plant/switchgrass":59,"tfc:wood/log/chestnut":1,"tfc:plant/ryegrass":30,"tfc:plant/foxglove":1,"tfc:rock/gravel/marble":6,"tfc:grass/loam":5,"tfc:plant/scutch_grass":8,"tfc_ie_addon:ore/small_lead":1,"tfc:plant/arrowhead":1,"tfc:placed_item":2,"tfc:wood/fallen_leaves/chestnut":1,"tfc:mud/silty_loam":1,"tfc:plant/butterfly_milkweed":1},"minecraft:custom":{"minecraft:time_since_rest":47175,"minecraft:waystone_activated":1,"minecraft:sprint_one_cm":19026,"minecraft:damage_taken":48,"minecraft:walk_one_cm":153713,"minecraft:mob_kills":1,"minecraft:drop":34,"minecraft:damage_dealt":30,"minecraft:fly_one_cm":24082,"minecraft:play_time":47175,"minecraft:crouch_one_cm":5826,"minecraft:sneak_time":4232,"minecraft:walk_under_water_one_cm":154,"minecraft:jump":270,"minecraft:leave_game":1,"minecraft:time_since_death":47175,"minecraft:walk_on_water_one_cm":559,"minecraft:total_world_time":47175,"minecraft:fall_one_cm":2926},"minecraft:broken":{"tfc:stone/knife/metamorphic":1,"tfc:firestarter":3},"minecraft:used":{"tfc:wood/log/chestnut":1,"waystones:waystone":1,"tfc:wood/fallen_leaves/chestnut":1,"tfc:food/onion":3,"tfc:stone/shovel/metamorphic":23,"tfc:food/cooked_rabbit":1,"minecraft:stick":2,"tfc:stone/knife/metamorphic":105,"tfc:firestarter":36,"minecraft:air":3,"dttfc:chestnut_seed":1,"tfc_ie_addon:ore/small_uranium":1,"tfc:plant/dry_phragmite":1,"tfc:stone/axe/metamorphic":12},"minecraft:crafted":{"minecraft:stick":10,"tfc:stone/shovel/metamorphic":1,"tfc:firestarter":3,"tfc:stone/knife/metamorphic":2,"tfc:stone/axe/metamorphic":1},"minecraft:picked_up":{"minecraft:stick":69,"tfc:wood/log/birch":40,"tfc_ie_addon:ore/small_lead":2,"tfc:rock/loose/marble":26,"tfc:food/onion":3,"tfc:wood/twig/maple":2,"dttfc:birch_seed":6,"tfc:plant/dry_phragmite":2,"tfc:straw":43,"tfc:wood/fallen_leaves/chestnut":1,"tfc_ie_addon:ore/small_uranium":1,"dttfc:chestnut_seed":1,"tfc:wood/log/chestnut":1,"butchersdelight:deadrabbitbrown":1,"minecraft:rabbit_hide":1,"tfc:torch":1,"minecraft:rabbit":1,"tfc:wood/twig/birch":8},"minecraft:killed":{"tfc:rabbit":1},"minecraft:dropped":{"tfc:straw":28,"tfc:plant/dry_phragmite":1,"tfc_ie_addon:ore/small_lead":1,"minecraft:stick":18}},"DataVersion":2975}