{"stats":{"minecraft:mined":{"tfc:mud/loam":2,"tfc:plant/primrose":1,"tfc:plant/field_horsetail":1,"tfc:plant/houstonia":3,"tfc:plant/tulip_red":1,"tfc:plant/tall_fescue_grass":54,"tfc:plant/orchard_grass":31,"dttfc:birch_undergrowth_leaves":4,"tfc:grass/silty_loam":4,"tfc:plant/ryegrass":45,"tfc:plant/scutch_grass":14,"tfc:grass/loam":7,"tfc:plant/arrowhead":1,"tfc:plant/sword_fern":1,"tfc:placed_item":2,"tfc:wood/fallen_leaves/chestnut":1,"tfc:plant/butterfly_milkweed":1,"tfc:wood/twig/maple":2,"tfc:groundcover/stick":1,"tfc:plant/tulip_orange":2,"tfc_ie_addon:ore/small_uranium":1,"tfc:plant/moss":1,"minecraft:fire":6,"tfc:plant/dry_phragmite_plant":4,"tfc:plant/timothy_grass":2,"tfc:rock/loose/marble":19,"tfc:wood/twig/chestnut":1,"tfc:wood/twig/birch":8,"tfc:plant/switchgrass":63,"tfc:wood/log/chestnut":1,"tfc:plant/foxglove":1,"tfc:rock/gravel/marble":6,"tfc_ie_addon:ore/small_lead":1,"tfc:mud/silty_loam":1},"minecraft:custom":{"minecraft:mob_kills":1,"minecraft:leave_game":1,"minecraft:time_since_death":59175,"minecraft:time_since_rest":59175,"minecraft:waystone_activated":1,"minecraft:sprint_one_cm":21290,"minecraft:damage_taken":48,"minecraft:walk_one_cm":224854,"minecraft:drop":34,"minecraft:damage_dealt":30,"minecraft:fly_one_cm":30630,"minecraft:crouch_one_cm":6488,"minecraft:play_time":59175,"minecraft:sneak_time":4623,"minecraft:walk_under_water_one_cm":165,"minecraft:jump":534,"minecraft:walk_on_water_one_cm":1456,"minecraft:total_world_time":59175,"minecraft:fall_one_cm":6270},"minecraft:broken":{"tfc:stone/knife/metamorphic":2,"tfc:firestarter":3,"tfc:stone/axe/metamorphic":1},"minecraft:used":{"tfc:wood/log/chestnut":1,"tfc:dirt/loam":1,"tfc:food/onion":3,"tfc:stone/shovel/metamorphic":25,"tfc:food/cooked_rabbit":1,"minecraft:stick":2,"tfc:stone/knife/metamorphic":109,"tfc:stone/axe/metamorphic":16,"tfc:plant/dry_phragmite":1,"waystones:waystone":1,"tfc:wood/fallen_leaves/chestnut":1,"tfc:firestarter":36,"minecraft:air":3,"tfc:rock/loose/marble":1,"dttfc:chestnut_seed":1,"tfc_ie_addon:ore/small_uranium":1},"minecraft:crafted":{"minecraft:stick":10,"tfc:stone/shovel/metamorphic":1,"tfc:firestarter":3,"tfc:stone/knife/metamorphic":2,"tfc:stone/axe/metamorphic":1},"minecraft:picked_up":{"tfc_ie_addon:ore/small_lead":2,"tfc:rock/loose/marble":27,"tfc:food/onion":3,"tfc:wood/twig/maple":2,"tfc:straw":43,"tfc:wood/log/chestnut":1,"butchersdelight:deadrabbitbrown":1,"minecraft:rabbit_hide":1,"minecraft:rabbit":1,"minecraft:stick":79,"tfc:wood/log/birch":52,"tfc:dirt/loam":1,"dttfc:birch_seed":7,"tfc:plant/dry_phragmite":2,"tfc_ie_addon:ore/small_uranium":1,"tfc:wood/fallen_leaves/chestnut":1,"dttfc:chestnut_seed":1,"tfc:torch":1,"tfc:wood/twig/birch":8},"minecraft:killed":{"tfc:rabbit":1},"minecraft:dropped":{"tfc:straw":28,"tfc_ie_addon:ore/small_lead":1,"minecraft:stick":18,"tfc:plant/dry_phragmite":1}},"DataVersion":2975}